country,year,month,slow_chargers_cumulative_charging,fast_chargers_cumulative_charging,total_chargers_cumulative_charging,brand,drivetrain_type,units_sold,trend_byd,trend_ev_charging,trend_tesla,trend_electric_car,trend_electric_vehicle,slow_chargers_cumulative_market,fast_chargers_cumulative_market,total_chargers_cumulative_market,gasoline_price_usd_per_liter,units_sold_lag1,units_sold_lag3,units_sold_lag12,units_sold_rolling3,units_sold_yoy_growth,quarter,date,date_str,brand_sales,drivetrain_type_sales,units_sold_sales,frequency,source,gasoline_price_usd_per_liter_fuel
China,2021,1,1150000.0,261000.0,1411000.0,BYD,BEV+PHEV,60662.0,6.4,0.0,79.0,0.0,0.0,1150000.0,261000.0,1411000.0,0.95,63013.0,63013.0,24840.0,62229.333333333336,1.4421,1.0,2021-01-01,2021-01,BYD,BEV+PHEV,60662.0,monthly_est,brand_reports,0.95
China,2021,1,1150000.0,261000.0,1411000.0,BYD,BEV+PHEV,60662.0,6.4,0.0,79.0,0.0,0.0,1150000.0,261000.0,1411000.0,0.95,63013.0,63013.0,24840.0,62229.333333333336,1.4421,1.0,2021-01-01,2021-01,Tesla,BEV+PHEV,23093.0,monthly_est,brand_reports,0.95
China,2021,2,1150000.0,261000.0,1411000.0,BYD,BEV+PHEV,60662.0,3.25,0.0,82.25,0.0,0.0,1150000.0,261000.0,1411000.0,0.95,60662.0,63013.0,24840.0,61445.66666666666,1.4421,1.0,2021-02-01,2021-02,BYD,BEV+PHEV,60662.0,monthly_est,brand_reports,0.95
China,2021,2,1150000.0,261000.0,1411000.0,BYD,BEV+PHEV,60662.0,3.25,0.0,82.25,0.0,0.0,1150000.0,261000.0,1411000.0,0.95,60662.0,63013.0,24840.0,61445.66666666666,1.4421,1.0,2021-02-01,2021-02,Tesla,BEV+PHEV,23093.0,monthly_est,brand_reports,0.95
China,2021,3,1150000.0,261000.0,1411000.0,BYD,BEV+PHEV,60662.0,2.5,0.0,63.75,3.25,25.0,1150000.0,261000.0,1411000.0,0.95,60662.0,63013.0,24840.0,60662.0,1.4421,1.0,2021-03-01,2021-03,BYD,BEV+PHEV,60662.0,monthly_est,brand_reports,0.95
China,2021,3,1150000.0,261000.0,1411000.0,BYD,BEV+PHEV,60662.0,2.5,0.0,63.75,3.25,25.0,1150000.0,261000.0,1411000.0,0.95,60662.0,63013.0,24840.0,60662.0,1.4421,1.0,2021-03-01,2021-03,Tesla,BEV+PHEV,23093.0,monthly_est,brand_reports,0.95
China,2021,4,1150000.0,261000.0,1411000.0,BYD,BEV+PHEV,73762.0,7.25,0.0,57.0,0.0,0.0,1150000.0,261000.0,1411000.0,1.02,60662.0,60662.0,29880.0,65028.66666666666,1.4686,2.0,2021-04-01,2021-04,BYD,BEV+PHEV,73762.0,monthly_est,brand_reports,1.02
China,2021,4,1150000.0,261000.0,1411000.0,BYD,BEV+PHEV,73762.0,7.25,0.0,57.0,0.0,0.0,1150000.0,261000.0,1411000.0,1.02,60662.0,60662.0,29880.0,65028.66666666666,1.4686,2.0,2021-04-01,2021-04,Tesla,BEV+PHEV,37487.0,monthly_est,brand_reports,1.02
China,2021,5,1150000.0,261000.0,1411000.0,BYD,BEV+PHEV,73762.0,1.4,0.0,51.0,0.0,0.0,1150000.0,261000.0,1411000.0,1.02,73762.0,60662.0,29880.0,69395.33333333333,1.4686,2.0,2021-05-01,2021-05,BYD,BEV+PHEV,73762.0,monthly_est,brand_reports,1.02
China,2021,5,1150000.0,261000.0,1411000.0,BYD,BEV+PHEV,73762.0,1.4,0.0,51.0,0.0,0.0,1150000.0,261000.0,1411000.0,1.02,73762.0,60662.0,29880.0,69395.33333333333,1.4686,2.0,2021-05-01,2021-05,Tesla,BEV+PHEV,37487.0,monthly_est,brand_reports,1.02
China,2021,6,1150000.0,261000.0,1411000.0,BYD,BEV+PHEV,73762.0,1.5,0.0,40.75,0.0,0.0,1150000.0,261000.0,1411000.0,1.02,73762.0,60662.0,29880.0,73762.0,1.4686,2.0,2021-06-01,2021-06,BYD,BEV+PHEV,73762.0,monthly_est,brand_reports,1.02
China,2021,6,1150000.0,261000.0,1411000.0,BYD,BEV+PHEV,73762.0,1.5,0.0,40.75,0.0,0.0,1150000.0,261000.0,1411000.0,1.02,73762.0,60662.0,29880.0,73762.0,1.4686,2.0,2021-06-01,2021-06,Tesla,BEV+PHEV,37487.0,monthly_est,brand_reports,1.02
China,2021,7,1150000.0,261000.0,1411000.0,BYD,BEV+PHEV,104154.0,1.75,0.0,41.0,0.0,0.0,1150000.0,261000.0,1411000.0,1.08,73762.0,73762.0,38630.0,83892.66666666667,1.6962,3.0,2021-07-01,2021-07,BYD,BEV+PHEV,104154.0,monthly_est,brand_reports,1.08
China,2021,7,1150000.0,261000.0,1411000.0,BYD,BEV+PHEV,104154.0,1.75,0.0,41.0,0.0,0.0,1150000.0,261000.0,1411000.0,1.08,73762.0,73762.0,38630.0,83892.66666666667,1.6962,3.0,2021-07-01,2021-07,Tesla,BEV+PHEV,35042.0,monthly_est,brand_reports,1.08
China,2021,8,1150000.0,261000.0,1411000.0,BYD,BEV+PHEV,104154.0,6.2,0.0,46.2,1.0,0.0,1150000.0,261000.0,1411000.0,1.08,104154.0,73762.0,38630.0,94023.33333333331,1.6962,3.0,2021-08-01,2021-08,BYD,BEV+PHEV,104154.0,monthly_est,brand_reports,1.08
China,2021,8,1150000.0,261000.0,1411000.0,BYD,BEV+PHEV,104154.0,6.2,0.0,46.2,1.0,0.0,1150000.0,261000.0,1411000.0,1.08,104154.0,73762.0,38630.0,94023.33333333331,1.6962,3.0,2021-08-01,2021-08,Tesla,BEV+PHEV,35042.0,monthly_est,brand_reports,1.08
China,2021,9,1150000.0,261000.0,1411000.0,BYD,BEV+PHEV,104154.0,3.0,0.0,43.25,1.5,0.0,1150000.0,261000.0,1411000.0,1.08,104154.0,73762.0,38630.0,104154.0,1.6962,3.0,2021-09-01,2021-09,BYD,BEV+PHEV,104154.0,monthly_est,brand_reports,1.08
China,2021,9,1150000.0,261000.0,1411000.0,BYD,BEV+PHEV,104154.0,3.0,0.0,43.25,1.5,0.0,1150000.0,261000.0,1411000.0,1.08,104154.0,73762.0,38630.0,104154.0,1.6962,3.0,2021-09-01,2021-09,Tesla,BEV+PHEV,35042.0,monthly_est,brand_reports,1.08
China,2021,10,1150000.0,261000.0,1411000.0,BYD,BEV+PHEV,194296.0,3.2,0.0,50.0,1.2,0.0,1150000.0,261000.0,1411000.0,1.12,104154.0,104154.0,63013.0,134201.33333333334,2.0834,4.0,2021-10-01,2021-10,BYD,BEV+PHEV,194296.0,monthly_est,brand_reports,1.12
China,2021,10,1150000.0,261000.0,1411000.0,BYD,BEV+PHEV,194296.0,3.2,0.0,50.0,1.2,0.0,1150000.0,261000.0,1411000.0,1.12,104154.0,104154.0,63013.0,134201.33333333334,2.0834,4.0,2021-10-01,2021-10,Tesla,BEV+PHEV,66597.0,monthly_est,brand_reports,1.12
China,2021,11,1150000.0,261000.0,1411000.0,BYD,BEV+PHEV,194296.0,5.25,0.0,55.25,1.5,0.0,1150000.0,261000.0,1411000.0,1.12,194296.0,104154.0,63013.0,164248.66666666666,2.0834,4.0,2021-11-01,2021-11,BYD,BEV+PHEV,194296.0,monthly_est,brand_reports,1.12
China,2021,11,1150000.0,261000.0,1411000.0,BYD,BEV+PHEV,194296.0,5.25,0.0,55.25,1.5,0.0,1150000.0,261000.0,1411000.0,1.12,194296.0,104154.0,63013.0,164248.66666666666,2.0834,4.0,2021-11-01,2021-11,Tesla,BEV+PHEV,66597.0,monthly_est,brand_reports,1.12
China,2021,12,1150000.0,261000.0,1411000.0,BYD,BEV+PHEV,194296.0,8.2,0.0,50.6,0.0,0.0,1150000.0,261000.0,1411000.0,1.12,194296.0,104154.0,63013.0,194296.0,2.0834,4.0,2021-12-01,2021-12,BYD,BEV+PHEV,194296.0,monthly_est,brand_reports,1.12
China,2021,12,1150000.0,261000.0,1411000.0,BYD,BEV+PHEV,194296.0,8.2,0.0,50.6,0.0,0.0,1150000.0,261000.0,1411000.0,1.12,194296.0,104154.0,63013.0,194296.0,2.0834,4.0,2021-12-01,2021-12,Tesla,BEV+PHEV,66597.0,monthly_est,brand_reports,1.12
China,2022,1,1750000.0,521000.0,2271000.0,BYD,BEV+PHEV,213863.0,8.0,0.0,79.0,0.0,0.0,1750000.0,521000.0,2271000.0,1.15,194296.0,194296.0,60662.0,200818.3333333333,2.5255,1.0,2022-01-01,2022-01,BYD,BEV+PHEV,213863.0,monthly_est,brand_reports,1.15
China,2022,1,1750000.0,521000.0,2271000.0,BYD,BEV+PHEV,213863.0,8.0,0.0,79.0,0.0,0.0,1750000.0,521000.0,2271000.0,1.15,194296.0,194296.0,60662.0,200818.3333333333,2.5255,1.0,2022-01-01,2022-01,Tesla,BEV+PHEV,35266.0,monthly_est,brand_reports,1.15
China,2022,1,1750000.0,521000.0,2271000.0,Tesla,BEV+PHEV,35266.0,8.0,0.0,79.0,0.0,0.0,1750000.0,521000.0,2271000.0,1.15,66597.0,66597.0,23093.0,56153.333333333336,0.5271,1.0,2022-01-01,2022-01,BYD,BEV+PHEV,213863.0,monthly_est,brand_reports,1.15
China,2022,1,1750000.0,521000.0,2271000.0,Tesla,BEV+PHEV,35266.0,8.0,0.0,79.0,0.0,0.0,1750000.0,521000.0,2271000.0,1.15,66597.0,66597.0,23093.0,56153.333333333336,0.5271,1.0,2022-01-01,2022-01,Tesla,BEV+PHEV,35266.0,monthly_est,brand_reports,1.15
China,2022,2,1750000.0,521000.0,2271000.0,BYD,BEV+PHEV,213863.0,13.75,0.0,72.0,0.0,0.0,1750000.0,521000.0,2271000.0,1.15,213863.0,194296.0,60662.0,207340.66666666663,2.5255,1.0,2022-02-01,2022-02,BYD,BEV+PHEV,213863.0,monthly_est,brand_reports,1.15
China,2022,2,1750000.0,521000.0,2271000.0,BYD,BEV+PHEV,213863.0,13.75,0.0,72.0,0.0,0.0,1750000.0,521000.0,2271000.0,1.15,213863.0,194296.0,60662.0,207340.66666666663,2.5255,1.0,2022-02-01,2022-02,Tesla,BEV+PHEV,35266.0,monthly_est,brand_reports,1.15
China,2022,2,1750000.0,521000.0,2271000.0,Tesla,BEV+PHEV,35266.0,13.75,0.0,72.0,0.0,0.0,1750000.0,521000.0,2271000.0,1.15,35266.0,66597.0,23093.0,45709.66666666666,0.5271,1.0,2022-02-01,2022-02,BYD,BEV+PHEV,213863.0,monthly_est,brand_reports,1.15
China,2022,2,1750000.0,521000.0,2271000.0,Tesla,BEV+PHEV,35266.0,13.75,0.0,72.0,0.0,0.0,1750000.0,521000.0,2271000.0,1.15,35266.0,66597.0,23093.0,45709.66666666666,0.5271,1.0,2022-02-01,2022-02,Tesla,BEV+PHEV,35266.0,monthly_est,brand_reports,1.15
China,2022,3,1750000.0,521000.0,2271000.0,BYD,BEV+PHEV,213863.0,10.5,0.0,73.75,7.25,0.0,1750000.0,521000.0,2271000.0,1.15,213863.0,194296.0,60662.0,213863.0,2.5255,1.0,2022-03-01,2022-03,BYD,BEV+PHEV,213863.0,monthly_est,brand_reports,1.15
China,2022,3,1750000.0,521000.0,2271000.0,BYD,BEV+PHEV,213863.0,10.5,0.0,73.75,7.25,0.0,1750000.0,521000.0,2271000.0,1.15,213863.0,194296.0,60662.0,213863.0,2.5255,1.0,2022-03-01,2022-03,Tesla,BEV+PHEV,35266.0,monthly_est,brand_reports,1.15
China,2022,3,1750000.0,521000.0,2271000.0,Tesla,BEV+PHEV,35266.0,10.5,0.0,73.75,7.25,0.0,1750000.0,521000.0,2271000.0,1.15,35266.0,66597.0,23093.0,35266.0,0.5271,1.0,2022-03-01,2022-03,BYD,BEV+PHEV,213863.0,monthly_est,brand_reports,1.15
China,2022,3,1750000.0,521000.0,2271000.0,Tesla,BEV+PHEV,35266.0,10.5,0.0,73.75,7.25,0.0,1750000.0,521000.0,2271000.0,1.15,35266.0,66597.0,23093.0,35266.0,0.5271,1.0,2022-03-01,2022-03,Tesla,BEV+PHEV,35266.0,monthly_est,brand_reports,1.15
China,2022,4,1750000.0,521000.0,2271000.0,BYD,BEV+PHEV,293533.0,10.75,0.0,76.0,4.0,25.0,1750000.0,521000.0,2271000.0,1.25,213863.0,213863.0,73762.0,240419.66666666663,2.9795,2.0,2022-04-01,2022-04,BYD,BEV+PHEV,293533.0,monthly_est,brand_reports,1.25
China,2022,4,1750000.0,521000.0,2271000.0,BYD,BEV+PHEV,293533.0,10.75,0.0,76.0,4.0,25.0,1750000.0,521000.0,2271000.0,1.25,213863.0,213863.0,73762.0,240419.66666666663,2.9795,2.0,2022-04-01,2022-04,Tesla,BEV+PHEV,25153.0,monthly_est,brand_reports,1.25
China,2022,4,1750000.0,521000.0,2271000.0,Tesla,BEV+PHEV,25153.0,10.75,0.0,76.0,4.0,25.0,1750000.0,521000.0,2271000.0,1.25,35266.0,35266.0,37487.0,31895.0,-0.329,2.0,2022-04-01,2022-04,BYD,BEV+PHEV,293533.0,monthly_est,brand_reports,1.25
China,2022,4,1750000.0,521000.0,2271000.0,Tesla,BEV+PHEV,25153.0,10.75,0.0,76.0,4.0,25.0,1750000.0,521000.0,2271000.0,1.25,35266.0,35266.0,37487.0,31895.0,-0.329,2.0,2022-04-01,2022-04,Tesla,BEV+PHEV,25153.0,monthly_est,brand_reports,1.25
China,2022,5,1750000.0,521000.0,2271000.0,BYD,BEV+PHEV,293533.0,10.4,0.0,80.4,0.0,13.0,1750000.0,521000.0,2271000.0,1.25,293533.0,213863.0,73762.0,266976.3333333333,2.9795,2.0,2022-05-01,2022-05,BYD,BEV+PHEV,293533.0,monthly_est,brand_reports,1.25
China,2022,5,1750000.0,521000.0,2271000.0,BYD,BEV+PHEV,293533.0,10.4,0.0,80.4,0.0,13.0,1750000.0,521000.0,2271000.0,1.25,293533.0,213863.0,73762.0,266976.3333333333,2.9795,2.0,2022-05-01,2022-05,Tesla,BEV+PHEV,25153.0,monthly_est,brand_reports,1.25
China,2022,5,1750000.0,521000.0,2271000.0,Tesla,BEV+PHEV,25153.0,10.4,0.0,80.4,0.0,13.0,1750000.0,521000.0,2271000.0,1.25,25153.0,35266.0,37487.0,28524.0,-0.329,2.0,2022-05-01,2022-05,BYD,BEV+PHEV,293533.0,monthly_est,brand_reports,1.25
China,2022,5,1750000.0,521000.0,2271000.0,Tesla,BEV+PHEV,25153.0,10.4,0.0,80.4,0.0,13.0,1750000.0,521000.0,2271000.0,1.25,25153.0,35266.0,37487.0,28524.0,-0.329,2.0,2022-05-01,2022-05,Tesla,BEV+PHEV,25153.0,monthly_est,brand_reports,1.25
China,2022,6,1750000.0,521000.0,2271000.0,BYD,BEV+PHEV,293533.0,15.25,0.0,75.5,0.0,16.75,1750000.0,521000.0,2271000.0,1.25,293533.0,213863.0,73762.0,293533.0,2.9795,2.0,2022-06-01,2022-06,BYD,BEV+PHEV,293533.0,monthly_est,brand_reports,1.25
China,2022,6,1750000.0,521000.0,2271000.0,BYD,BEV+PHEV,293533.0,15.25,0.0,75.5,0.0,16.75,1750000.0,521000.0,2271000.0,1.25,293533.0,213863.0,73762.0,293533.0,2.9795,2.0,2022-06-01,2022-06,Tesla,BEV+PHEV,25153.0,monthly_est,brand_reports,1.25
China,2022,6,1750000.0,521000.0,2271000.0,Tesla,BEV+PHEV,25153.0,15.25,0.0,75.5,0.0,16.75,1750000.0,521000.0,2271000.0,1.25,25153.0,35266.0,37487.0,25153.0,-0.329,2.0,2022-06-01,2022-06,BYD,BEV+PHEV,293533.0,monthly_est,brand_reports,1.25
China,2022,6,1750000.0,521000.0,2271000.0,Tesla,BEV+PHEV,25153.0,15.25,0.0,75.5,0.0,16.75,1750000.0,521000.0,2271000.0,1.25,25153.0,35266.0,37487.0,25153.0,-0.329,2.0,2022-06-01,2022-06,Tesla,BEV+PHEV,25153.0,monthly_est,brand_reports,1.25
China,2022,7,1750000.0,521000.0,2271000.0,BYD,BEV+PHEV,405002.0,14.2,13.0,66.6,3.0,0.0,1750000.0,521000.0,2271000.0,1.28,293533.0,293533.0,104154.0,330689.3333333333,2.8885,3.0,2022-07-01,2022-07,BYD,BEV+PHEV,405002.0,monthly_est,brand_reports,1.28
China,2022,7,1750000.0,521000.0,2271000.0,BYD,BEV+PHEV,405002.0,14.2,13.0,66.6,3.0,0.0,1750000.0,521000.0,2271000.0,1.28,293533.0,293533.0,104154.0,330689.3333333333,2.8885,3.0,2022-07-01,2022-07,Tesla,BEV+PHEV,62995.0,monthly_est,brand_reports,1.28
China,2022,7,1750000.0,521000.0,2271000.0,Tesla,BEV+PHEV,62995.0,14.2,13.0,66.6,3.0,0.0,1750000.0,521000.0,2271000.0,1.28,25153.0,25153.0,35042.0,37767.0,0.7977,3.0,2022-07-01,2022-07,BYD,BEV+PHEV,405002.0,monthly_est,brand_reports,1.28
China,2022,7,1750000.0,521000.0,2271000.0,Tesla,BEV+PHEV,62995.0,14.2,13.0,66.6,3.0,0.0,1750000.0,521000.0,2271000.0,1.28,25153.0,25153.0,35042.0,37767.0,0.7977,3.0,2022-07-01,2022-07,Tesla,BEV+PHEV,62995.0,monthly_est,brand_reports,1.28
China,2022,8,1750000.0,521000.0,2271000.0,BYD,BEV+PHEV,405002.0,14.0,0.0,65.5,0.0,0.0,1750000.0,521000.0,2271000.0,1.28,405002.0,293533.0,104154.0,367845.6666666667,2.8885,3.0,2022-08-01,2022-08,BYD,BEV+PHEV,405002.0,monthly_est,brand_reports,1.28
China,2022,8,1750000.0,521000.0,2271000.0,BYD,BEV+PHEV,405002.0,14.0,0.0,65.5,0.0,0.0,1750000.0,521000.0,2271000.0,1.28,405002.0,293533.0,104154.0,367845.6666666667,2.8885,3.0,2022-08-01,2022-08,Tesla,BEV+PHEV,62995.0,monthly_est,brand_reports,1.28
China,2022,8,1750000.0,521000.0,2271000.0,Tesla,BEV+PHEV,62995.0,14.0,0.0,65.5,0.0,0.0,1750000.0,521000.0,2271000.0,1.28,62995.0,25153.0,35042.0,50381.0,0.7977,3.0,2022-08-01,2022-08,BYD,BEV+PHEV,405002.0,monthly_est,brand_reports,1.28
China,2022,8,1750000.0,521000.0,2271000.0,Tesla,BEV+PHEV,62995.0,14.0,0.0,65.5,0.0,0.0,1750000.0,521000.0,2271000.0,1.28,62995.0,25153.0,35042.0,50381.0,0.7977,3.0,2022-08-01,2022-08,Tesla,BEV+PHEV,62995.0,monthly_est,brand_reports,1.28
China,2022,9,1750000.0,521000.0,2271000.0,BYD,BEV+PHEV,405002.0,13.25,0.0,72.75,0.0,0.0,1750000.0,521000.0,2271000.0,1.28,405002.0,293533.0,104154.0,405002.0,2.8885,3.0,2022-09-01,2022-09,BYD,BEV+PHEV,405002.0,monthly_est,brand_reports,1.28
China,2022,9,1750000.0,521000.0,2271000.0,BYD,BEV+PHEV,405002.0,13.25,0.0,72.75,0.0,0.0,1750000.0,521000.0,2271000.0,1.28,405002.0,293533.0,104154.0,405002.0,2.8885,3.0,2022-09-01,2022-09,Tesla,BEV+PHEV,62995.0,monthly_est,brand_reports,1.28
China,2022,9,1750000.0,521000.0,2271000.0,Tesla,BEV+PHEV,62995.0,13.25,0.0,72.75,0.0,0.0,1750000.0,521000.0,2271000.0,1.28,62995.0,25153.0,35042.0,62995.0,0.7977,3.0,2022-09-01,2022-09,BYD,BEV+PHEV,405002.0,monthly_est,brand_reports,1.28
China,2022,9,1750000.0,521000.0,2271000.0,Tesla,BEV+PHEV,62995.0,13.25,0.0,72.75,0.0,0.0,1750000.0,521000.0,2271000.0,1.28,62995.0,25153.0,35042.0,62995.0,0.7977,3.0,2022-09-01,2022-09,Tesla,BEV+PHEV,62995.0,monthly_est,brand_reports,1.28
China,2022,10,1750000.0,521000.0,2271000.0,BYD,BEV+PHEV,622753.0,15.6,0.0,81.0,3.6,0.0,1750000.0,521000.0,2271000.0,1.18,405002.0,405002.0,194296.0,477585.6666666667,2.2052,4.0,2022-10-01,2022-10,BYD,BEV+PHEV,622753.0,monthly_est,brand_reports,1.18
China,2022,10,1750000.0,521000.0,2271000.0,BYD,BEV+PHEV,622753.0,15.6,0.0,81.0,3.6,0.0,1750000.0,521000.0,2271000.0,1.18,405002.0,405002.0,194296.0,477585.6666666667,2.2052,4.0,2022-10-01,2022-10,Tesla,BEV+PHEV,94491.0,monthly_est,brand_reports,1.18
China,2022,10,1750000.0,521000.0,2271000.0,Tesla,BEV+PHEV,94491.0,15.6,0.0,81.0,3.6,0.0,1750000.0,521000.0,2271000.0,1.18,62995.0,62995.0,66597.0,73493.66666666667,0.4188,4.0,2022-10-01,2022-10,BYD,BEV+PHEV,622753.0,monthly_est,brand_reports,1.18
China,2022,10,1750000.0,521000.0,2271000.0,Tesla,BEV+PHEV,94491.0,15.6,0.0,81.0,3.6,0.0,1750000.0,521000.0,2271000.0,1.18,62995.0,62995.0,66597.0,73493.66666666667,0.4188,4.0,2022-10-01,2022-10,Tesla,BEV+PHEV,94491.0,monthly_est,brand_reports,1.18
China,2022,11,1750000.0,521000.0,2271000.0,BYD,BEV+PHEV,622753.0,15.0,0.0,66.0,1.75,0.0,1750000.0,521000.0,2271000.0,1.18,622753.0,405002.0,194296.0,550169.3333333334,2.2052,4.0,2022-11-01,2022-11,BYD,BEV+PHEV,622753.0,monthly_est,brand_reports,1.18
China,2022,11,1750000.0,521000.0,2271000.0,BYD,BEV+PHEV,622753.0,15.0,0.0,66.0,1.75,0.0,1750000.0,521000.0,2271000.0,1.18,622753.0,405002.0,194296.0,550169.3333333334,2.2052,4.0,2022-11-01,2022-11,Tesla,BEV+PHEV,94491.0,monthly_est,brand_reports,1.18
China,2022,11,1750000.0,521000.0,2271000.0,Tesla,BEV+PHEV,94491.0,15.0,0.0,66.0,1.75,0.0,1750000.0,521000.0,2271000.0,1.18,94491.0,62995.0,66597.0,83992.33333333333,0.4188,4.0,2022-11-01,2022-11,BYD,BEV+PHEV,622753.0,monthly_est,brand_reports,1.18
China,2022,11,1750000.0,521000.0,2271000.0,Tesla,BEV+PHEV,94491.0,15.0,0.0,66.0,1.75,0.0,1750000.0,521000.0,2271000.0,1.18,94491.0,62995.0,66597.0,83992.33333333333,0.4188,4.0,2022-11-01,2022-11,Tesla,BEV+PHEV,94491.0,monthly_est,brand_reports,1.18
China,2022,12,1750000.0,521000.0,2271000.0,BYD,BEV+PHEV,622753.0,13.25,0.0,68.5,0.0,0.0,1750000.0,521000.0,2271000.0,1.18,622753.0,405002.0,194296.0,622753.0,2.2052,4.0,2022-12-01,2022-12,BYD,BEV+PHEV,622753.0,monthly_est,brand_reports,1.18
China,2022,12,1750000.0,521000.0,2271000.0,BYD,BEV+PHEV,622753.0,13.25,0.0,68.5,0.0,0.0,1750000.0,521000.0,2271000.0,1.18,622753.0,405002.0,194296.0,622753.0,2.2052,4.0,2022-12-01,2022-12,Tesla,BEV+PHEV,94491.0,monthly_est,brand_reports,1.18
China,2022,12,1750000.0,521000.0,2271000.0,Tesla,BEV+PHEV,94491.0,13.25,0.0,68.5,0.0,0.0,1750000.0,521000.0,2271000.0,1.18,94491.0,62995.0,66597.0,94491.0,0.4188,4.0,2022-12-01,2022-12,BYD,BEV+PHEV,622753.0,monthly_est,brand_reports,1.18
China,2022,12,1750000.0,521000.0,2271000.0,Tesla,BEV+PHEV,94491.0,13.25,0.0,68.5,0.0,0.0,1750000.0,521000.0,2271000.0,1.18,94491.0,62995.0,66597.0,94491.0,0.4188,4.0,2022-12-01,2022-12,Tesla,BEV+PHEV,94491.0,monthly_est,brand_reports,1.18
China,2023,1,2750000.0,859000.0,3609000.0,BYD,BEV+PHEV,378271.0,20.6,0.0,81.6,0.0,0.0,2750000.0,859000.0,3609000.0,1.1,622753.0,622753.0,213863.0,541259.0,0.7688,1.0,2023-01-01,2023-01,BYD,BEV+PHEV,378271.0,monthly_est,brand_reports,1.1
China,2023,1,2750000.0,859000.0,3609000.0,BYD,BEV+PHEV,378271.0,20.6,0.0,81.6,0.0,0.0,2750000.0,859000.0,3609000.0,1.1,622753.0,622753.0,213863.0,541259.0,0.7688,1.0,2023-01-01,2023-01,Tesla,BEV+PHEV,33430.0,monthly_est,brand_reports,1.1
China,2023,1,2750000.0,859000.0,3609000.0,Tesla,BEV+PHEV,33430.0,20.6,0.0,81.6,0.0,0.0,2750000.0,859000.0,3609000.0,1.1,94491.0,94491.0,35266.0,74137.33333333333,-0.0521,1.0,2023-01-01,2023-01,BYD,BEV+PHEV,378271.0,monthly_est,brand_reports,1.1
China,2023,1,2750000.0,859000.0,3609000.0,Tesla,BEV+PHEV,33430.0,20.6,0.0,81.6,0.0,0.0,2750000.0,859000.0,3609000.0,1.1,94491.0,94491.0,35266.0,74137.33333333333,-0.0521,1.0,2023-01-01,2023-01,Tesla,BEV+PHEV,33430.0,monthly_est,brand_reports,1.1
China,2023,2,2750000.0,859000.0,3609000.0,BYD,BEV+PHEV,378271.0,15.5,0.0,78.0,0.0,15.5,2750000.0,859000.0,3609000.0,1.1,378271.0,622753.0,213863.0,459765.0,0.7688,1.0,2023-02-01,2023-02,BYD,BEV+PHEV,378271.0,monthly_est,brand_reports,1.1
China,2023,2,2750000.0,859000.0,3609000.0,BYD,BEV+PHEV,378271.0,15.5,0.0,78.0,0.0,15.5,2750000.0,859000.0,3609000.0,1.1,378271.0,622753.0,213863.0,459765.0,0.7688,1.0,2023-02-01,2023-02,Tesla,BEV+PHEV,33430.0,monthly_est,brand_reports,1.1
China,2023,2,2750000.0,859000.0,3609000.0,Tesla,BEV+PHEV,33430.0,15.5,0.0,78.0,0.0,15.5,2750000.0,859000.0,3609000.0,1.1,33430.0,94491.0,35266.0,53783.66666666666,-0.0521,1.0,2023-02-01,2023-02,BYD,BEV+PHEV,378271.0,monthly_est,brand_reports,1.1
China,2023,2,2750000.0,859000.0,3609000.0,Tesla,BEV+PHEV,33430.0,15.5,0.0,78.0,0.0,15.5,2750000.0,859000.0,3609000.0,1.1,33430.0,94491.0,35266.0,53783.66666666666,-0.0521,1.0,2023-02-01,2023-02,Tesla,BEV+PHEV,33430.0,monthly_est,brand_reports,1.1
China,2023,3,2750000.0,859000.0,3609000.0,BYD,BEV+PHEV,378271.0,17.5,0.0,62.25,1.5,0.0,2750000.0,859000.0,3609000.0,1.1,378271.0,622753.0,213863.0,378271.0,0.7688,1.0,2023-03-01,2023-03,BYD,BEV+PHEV,378271.0,monthly_est,brand_reports,1.1
China,2023,3,2750000.0,859000.0,3609000.0,BYD,BEV+PHEV,378271.0,17.5,0.0,62.25,1.5,0.0,2750000.0,859000.0,3609000.0,1.1,378271.0,622753.0,213863.0,378271.0,0.7688,1.0,2023-03-01,2023-03,Tesla,BEV+PHEV,33430.0,monthly_est,brand_reports,1.1
China,2023,3,2750000.0,859000.0,3609000.0,Tesla,BEV+PHEV,33430.0,17.5,0.0,62.25,1.5,0.0,2750000.0,859000.0,3609000.0,1.1,33430.0,94491.0,35266.0,33430.0,-0.0521,1.0,2023-03-01,2023-03,BYD,BEV+PHEV,378271.0,monthly_est,brand_reports,1.1
China,2023,3,2750000.0,859000.0,3609000.0,Tesla,BEV+PHEV,33430.0,17.5,0.0,62.25,1.5,0.0,2750000.0,859000.0,3609000.0,1.1,33430.0,94491.0,35266.0,33430.0,-0.0521,1.0,2023-03-01,2023-03,Tesla,BEV+PHEV,33430.0,monthly_est,brand_reports,1.1
China,2023,4,2750000.0,859000.0,3609000.0,BYD,BEV+PHEV,502822.0,24.2,0.0,66.6,2.6,12.2,2750000.0,859000.0,3609000.0,1.08,378271.0,378271.0,293533.0,419788.0,0.713,2.0,2023-04-01,2023-04,BYD,BEV+PHEV,502822.0,monthly_est,brand_reports,1.08
China,2023,4,2750000.0,859000.0,3609000.0,BYD,BEV+PHEV,502822.0,24.2,0.0,66.6,2.6,12.2,2750000.0,859000.0,3609000.0,1.08,378271.0,378271.0,293533.0,419788.0,0.713,2.0,2023-04-01,2023-04,Tesla,BEV+PHEV,44071.0,monthly_est,brand_reports,1.08
China,2023,4,2750000.0,859000.0,3609000.0,Tesla,BEV+PHEV,44071.0,24.2,0.0,66.6,2.6,12.2,2750000.0,859000.0,3609000.0,1.08,33430.0,33430.0,25153.0,36977.0,0.7521,2.0,2023-04-01,2023-04,BYD,BEV+PHEV,502822.0,monthly_est,brand_reports,1.08
China,2023,4,2750000.0,859000.0,3609000.0,Tesla,BEV+PHEV,44071.0,24.2,0.0,66.6,2.6,12.2,2750000.0,859000.0,3609000.0,1.08,33430.0,33430.0,25153.0,36977.0,0.7521,2.0,2023-04-01,2023-04,Tesla,BEV+PHEV,44071.0,monthly_est,brand_reports,1.08
China,2023,5,2750000.0,859000.0,3609000.0,BYD,BEV+PHEV,502822.0,21.75,0.0,64.75,1.5,16.0,2750000.0,859000.0,3609000.0,1.08,502822.0,378271.0,293533.0,461305.0,0.713,2.0,2023-05-01,2023-05,BYD,BEV+PHEV,502822.0,monthly_est,brand_reports,1.08
China,2023,5,2750000.0,859000.0,3609000.0,BYD,BEV+PHEV,502822.0,21.75,0.0,64.75,1.5,16.0,2750000.0,859000.0,3609000.0,1.08,502822.0,378271.0,293533.0,461305.0,0.713,2.0,2023-05-01,2023-05,Tesla,BEV+PHEV,44071.0,monthly_est,brand_reports,1.08
China,2023,5,2750000.0,859000.0,3609000.0,Tesla,BEV+PHEV,44071.0,21.75,0.0,64.75,1.5,16.0,2750000.0,859000.0,3609000.0,1.08,44071.0,33430.0,25153.0,40524.0,0.7521,2.0,2023-05-01,2023-05,BYD,BEV+PHEV,502822.0,monthly_est,brand_reports,1.08
China,2023,5,2750000.0,859000.0,3609000.0,Tesla,BEV+PHEV,44071.0,21.75,0.0,64.75,1.5,16.0,2750000.0,859000.0,3609000.0,1.08,44071.0,33430.0,25153.0,40524.0,0.7521,2.0,2023-05-01,2023-05,Tesla,BEV+PHEV,44071.0,monthly_est,brand_reports,1.08
China,2023,6,2750000.0,859000.0,3609000.0,BYD,BEV+PHEV,502822.0,20.0,0.0,66.5,3.5,0.0,2750000.0,859000.0,3609000.0,1.08,502822.0,378271.0,293533.0,502822.0,0.713,2.0,2023-06-01,2023-06,BYD,BEV+PHEV,502822.0,monthly_est,brand_reports,1.08
China,2023,6,2750000.0,859000.0,3609000.0,BYD,BEV+PHEV,502822.0,20.0,0.0,66.5,3.5,0.0,2750000.0,859000.0,3609000.0,1.08,502822.0,378271.0,293533.0,502822.0,0.713,2.0,2023-06-01,2023-06,Tesla,BEV+PHEV,44071.0,monthly_est,brand_reports,1.08
China,2023,6,2750000.0,859000.0,3609000.0,Tesla,BEV+PHEV,44071.0,20.0,0.0,66.5,3.5,0.0,2750000.0,859000.0,3609000.0,1.08,44071.0,33430.0,25153.0,44071.0,0.7521,2.0,2023-06-01,2023-06,BYD,BEV+PHEV,502822.0,monthly_est,brand_reports,1.08
China,2023,6,2750000.0,859000.0,3609000.0,Tesla,BEV+PHEV,44071.0,20.0,0.0,66.5,3.5,0.0,2750000.0,859000.0,3609000.0,1.08,44071.0,33430.0,25153.0,44071.0,0.7521,2.0,2023-06-01,2023-06,Tesla,BEV+PHEV,44071.0,monthly_est,brand_reports,1.08
China,2023,7,2750000.0,859000.0,3609000.0,BYD,BEV+PHEV,578335.0,19.8,0.0,67.4,3.0,0.0,2750000.0,859000.0,3609000.0,1.12,502822.0,502822.0,405002.0,527993.0,0.428,3.0,2023-07-01,2023-07,BYD,BEV+PHEV,578335.0,monthly_est,brand_reports,1.12
China,2023,7,2750000.0,859000.0,3609000.0,BYD,BEV+PHEV,578335.0,19.8,0.0,67.4,3.0,0.0,2750000.0,859000.0,3609000.0,1.12,502822.0,502822.0,405002.0,527993.0,0.428,3.0,2023-07-01,2023-07,Tesla,BEV+PHEV,51593.0,monthly_est,brand_reports,1.12
China,2023,7,2750000.0,859000.0,3609000.0,Tesla,BEV+PHEV,51593.0,19.8,0.0,67.4,3.0,0.0,2750000.0,859000.0,3609000.0,1.12,44071.0,44071.0,62995.0,46578.333333333336,-0.181,3.0,2023-07-01,2023-07,BYD,BEV+PHEV,578335.0,monthly_est,brand_reports,1.12
China,2023,7,2750000.0,859000.0,3609000.0,Tesla,BEV+PHEV,51593.0,19.8,0.0,67.4,3.0,0.0,2750000.0,859000.0,3609000.0,1.12,44071.0,44071.0,62995.0,46578.333333333336,-0.181,3.0,2023-07-01,2023-07,Tesla,BEV+PHEV,51593.0,monthly_est,brand_reports,1.12
China,2023,8,2750000.0,859000.0,3609000.0,BYD,BEV+PHEV,578335.0,20.25,0.0,70.0,1.5,0.0,2750000.0,859000.0,3609000.0,1.12,578335.0,502822.0,405002.0,553164.0,0.428,3.0,2023-08-01,2023-08,BYD,BEV+PHEV,578335.0,monthly_est,brand_reports,1.12
China,2023,8,2750000.0,859000.0,3609000.0,BYD,BEV+PHEV,578335.0,20.25,0.0,70.0,1.5,0.0,2750000.0,859000.0,3609000.0,1.12,578335.0,502822.0,405002.0,553164.0,0.428,3.0,2023-08-01,2023-08,Tesla,BEV+PHEV,51593.0,monthly_est,brand_reports,1.12
China,2023,8,2750000.0,859000.0,3609000.0,Tesla,BEV+PHEV,51593.0,20.25,0.0,70.0,1.5,0.0,2750000.0,859000.0,3609000.0,1.12,51593.0,44071.0,62995.0,49085.66666666666,-0.181,3.0,2023-08-01,2023-08,BYD,BEV+PHEV,578335.0,monthly_est,brand_reports,1.12
China,2023,8,2750000.0,859000.0,3609000.0,Tesla,BEV+PHEV,51593.0,20.25,0.0,70.0,1.5,0.0,2750000.0,859000.0,3609000.0,1.12,51593.0,44071.0,62995.0,49085.66666666666,-0.181,3.0,2023-08-01,2023-08,Tesla,BEV+PHEV,51593.0,monthly_est,brand_reports,1.12
China,2023,9,2750000.0,859000.0,3609000.0,BYD,BEV+PHEV,578335.0,20.0,0.0,58.75,1.5,0.0,2750000.0,859000.0,3609000.0,1.12,578335.0,502822.0,405002.0,578335.0,0.428,3.0,2023-09-01,2023-09,BYD,BEV+PHEV,578335.0,monthly_est,brand_reports,1.12
China,2023,9,2750000.0,859000.0,3609000.0,BYD,BEV+PHEV,578335.0,20.0,0.0,58.75,1.5,0.0,2750000.0,859000.0,3609000.0,1.12,578335.0,502822.0,405002.0,578335.0,0.428,3.0,2023-09-01,2023-09,Tesla,BEV+PHEV,51593.0,monthly_est,brand_reports,1.12
China,2023,9,2750000.0,859000.0,3609000.0,Tesla,BEV+PHEV,51593.0,20.0,0.0,58.75,1.5,0.0,2750000.0,859000.0,3609000.0,1.12,51593.0,44071.0,62995.0,51593.0,-0.181,3.0,2023-09-01,2023-09,BYD,BEV+PHEV,578335.0,monthly_est,brand_reports,1.12
China,2023,9,2750000.0,859000.0,3609000.0,Tesla,BEV+PHEV,51593.0,20.0,0.0,58.75,1.5,0.0,2750000.0,859000.0,3609000.0,1.12,51593.0,44071.0,62995.0,51593.0,-0.181,3.0,2023-09-01,2023-09,Tesla,BEV+PHEV,51593.0,monthly_est,brand_reports,1.12
China,2023,10,2750000.0,859000.0,3609000.0,BYD,BEV+PHEV,648008.0,20.6,0.0,59.0,2.6,21.4,2750000.0,859000.0,3609000.0,1.05,578335.0,578335.0,622753.0,601559.3333333334,0.0406,4.0,2023-10-01,2023-10,BYD,BEV+PHEV,648008.0,monthly_est,brand_reports,1.05
China,2023,10,2750000.0,859000.0,3609000.0,BYD,BEV+PHEV,648008.0,20.6,0.0,59.0,2.6,21.4,2750000.0,859000.0,3609000.0,1.05,578335.0,578335.0,622753.0,601559.3333333334,0.0406,4.0,2023-10-01,2023-10,Tesla,BEV+PHEV,58642.0,monthly_est,brand_reports,1.05
China,2023,10,2750000.0,859000.0,3609000.0,Tesla,BEV+PHEV,58642.0,20.6,0.0,59.0,2.6,21.4,2750000.0,859000.0,3609000.0,1.05,51593.0,51593.0,94491.0,53942.66666666666,-0.3794,4.0,2023-10-01,2023-10,BYD,BEV+PHEV,648008.0,monthly_est,brand_reports,1.05
China,2023,10,2750000.0,859000.0,3609000.0,Tesla,BEV+PHEV,58642.0,20.6,0.0,59.0,2.6,21.4,2750000.0,859000.0,3609000.0,1.05,51593.0,51593.0,94491.0,53942.66666666666,-0.3794,4.0,2023-10-01,2023-10,Tesla,BEV+PHEV,58642.0,monthly_est,brand_reports,1.05
China,2023,11,2750000.0,859000.0,3609000.0,BYD,BEV+PHEV,648008.0,21.5,0.0,60.25,6.0,31.5,2750000.0,859000.0,3609000.0,1.05,648008.0,578335.0,622753.0,624783.6666666666,0.0406,4.0,2023-11-01,2023-11,BYD,BEV+PHEV,648008.0,monthly_est,brand_reports,1.05
China,2023,11,2750000.0,859000.0,3609000.0,BYD,BEV+PHEV,648008.0,21.5,0.0,60.25,6.0,31.5,2750000.0,859000.0,3609000.0,1.05,648008.0,578335.0,622753.0,624783.6666666666,0.0406,4.0,2023-11-01,2023-11,Tesla,BEV+PHEV,58642.0,monthly_est,brand_reports,1.05
China,2023,11,2750000.0,859000.0,3609000.0,Tesla,BEV+PHEV,58642.0,21.5,0.0,60.25,6.0,31.5,2750000.0,859000.0,3609000.0,1.05,58642.0,51593.0,94491.0,56292.333333333336,-0.3794,4.0,2023-11-01,2023-11,BYD,BEV+PHEV,648008.0,monthly_est,brand_reports,1.05
China,2023,11,2750000.0,859000.0,3609000.0,Tesla,BEV+PHEV,58642.0,21.5,0.0,60.25,6.0,31.5,2750000.0,859000.0,3609000.0,1.05,58642.0,51593.0,94491.0,56292.333333333336,-0.3794,4.0,2023-11-01,2023-11,Tesla,BEV+PHEV,58642.0,monthly_est,brand_reports,1.05
China,2023,12,2750000.0,859000.0,3609000.0,BYD,BEV+PHEV,648008.0,18.67,0.0,58.33,3.83,25.5,2750000.0,859000.0,3609000.0,1.05,648008.0,578335.0,622753.0,648008.0,0.0406,4.0,2023-12-01,2023-12,BYD,BEV+PHEV,648008.0,monthly_est,brand_reports,1.05
China,2023,12,2750000.0,859000.0,3609000.0,BYD,BEV+PHEV,648008.0,18.67,0.0,58.33,3.83,25.5,2750000.0,859000.0,3609000.0,1.05,648008.0,578335.0,622753.0,648008.0,0.0406,4.0,2023-12-01,2023-12,Tesla,BEV+PHEV,58642.0,monthly_est,brand_reports,1.05
China,2023,12,2750000.0,859000.0,3609000.0,Tesla,BEV+PHEV,58642.0,18.67,0.0,58.33,3.83,25.5,2750000.0,859000.0,3609000.0,1.05,58642.0,51593.0,94491.0,58642.0,-0.3794,4.0,2023-12-01,2023-12,BYD,BEV+PHEV,648008.0,monthly_est,brand_reports,1.05
China,2023,12,2750000.0,859000.0,3609000.0,Tesla,BEV+PHEV,58642.0,18.67,0.0,58.33,3.83,25.5,2750000.0,859000.0,3609000.0,1.05,58642.0,51593.0,94491.0,58642.0,-0.3794,4.0,2023-12-01,2023-12,Tesla,BEV+PHEV,58642.0,monthly_est,brand_reports,1.05
USA,2021,1,100000.0,26000.0,126000.0,Tesla,BEV+PHEV,60112.0,1.0,30.4,86.4,5.4,62.0,100000.0,26000.0,126000.0,0.64,15028.0,15028.0,15028.0,30056.0,3.0,1.0,2021-01-01,2021-01,Tesla,BEV+PHEV,60112.0,monthly_est,brand_reports,0.64
USA,2021,2,100000.0,26000.0,126000.0,Tesla,BEV+PHEV,60112.0,1.0,37.25,79.0,6.0,66.0,100000.0,26000.0,126000.0,0.64,60112.0,15028.0,15028.0,45084.0,3.0,1.0,2021-02-01,2021-02,Tesla,BEV+PHEV,60112.0,monthly_est,brand_reports,0.64
USA,2021,3,100000.0,26000.0,126000.0,Tesla,BEV+PHEV,60112.0,0.25,36.75,75.5,5.75,59.0,100000.0,26000.0,126000.0,0.64,60112.0,15028.0,15028.0,60112.0,3.0,1.0,2021-03-01,2021-03,Tesla,BEV+PHEV,60112.0,monthly_est,brand_reports,0.64
USA,2021,4,100000.0,26000.0,126000.0,Tesla,BEV+PHEV,67083.0,0.25,41.0,73.5,6.5,66.5,100000.0,26000.0,126000.0,0.79,60112.0,60112.0,15028.0,62435.66666666666,3.4639,2.0,2021-04-01,2021-04,Tesla,BEV+PHEV,67083.0,monthly_est,brand_reports,0.79
USA,2021,5,100000.0,26000.0,126000.0,Tesla,BEV+PHEV,67083.0,0.0,47.4,72.8,7.6,73.0,100000.0,26000.0,126000.0,0.79,67083.0,60112.0,15028.0,64759.333333333336,3.4639,2.0,2021-05-01,2021-05,Tesla,BEV+PHEV,67083.0,monthly_est,brand_reports,0.79
USA,2021,6,100000.0,26000.0,126000.0,Tesla,BEV+PHEV,67083.0,0.0,49.0,67.5,7.5,63.0,100000.0,26000.0,126000.0,0.79,67083.0,60112.0,15028.0,67083.0,3.4639,2.0,2021-06-01,2021-06,Tesla,BEV+PHEV,67083.0,monthly_est,brand_reports,0.79
USA,2021,7,100000.0,26000.0,126000.0,Tesla,BEV+PHEV,80433.0,0.0,45.75,63.25,6.75,59.25,100000.0,26000.0,126000.0,0.86,67083.0,67083.0,15028.0,71533.0,4.3522,3.0,2021-07-01,2021-07,Tesla,BEV+PHEV,80433.0,monthly_est,brand_reports,0.86
USA,2021,8,100000.0,26000.0,126000.0,Tesla,BEV+PHEV,80433.0,0.4,44.4,63.0,5.8,60.4,100000.0,26000.0,126000.0,0.86,80433.0,67083.0,15028.0,75983.0,4.3522,3.0,2021-08-01,2021-08,Tesla,BEV+PHEV,80433.0,monthly_est,brand_reports,0.86
USA,2021,9,100000.0,26000.0,126000.0,Tesla,BEV+PHEV,80433.0,0.25,39.25,60.25,6.25,64.5,100000.0,26000.0,126000.0,0.86,80433.0,67083.0,15028.0,80433.0,4.3522,3.0,2021-09-01,2021-09,Tesla,BEV+PHEV,80433.0,monthly_est,brand_reports,0.86
USA,2021,10,100000.0,26000.0,126000.0,Tesla,BEV+PHEV,102866.0,0.2,47.2,76.8,7.0,70.4,100000.0,26000.0,126000.0,0.92,80433.0,80433.0,15028.0,87910.66666666667,5.845,4.0,2021-10-01,2021-10,Tesla,BEV+PHEV,102866.0,monthly_est,brand_reports,0.92
USA,2021,11,100000.0,26000.0,126000.0,Tesla,BEV+PHEV,102866.0,0.25,60.25,77.25,8.75,86.25,100000.0,26000.0,126000.0,0.92,102866.0,80433.0,15028.0,95388.33333333331,5.845,4.0,2021-11-01,2021-11,Tesla,BEV+PHEV,102866.0,monthly_est,brand_reports,0.92
USA,2021,12,100000.0,26000.0,126000.0,Tesla,BEV+PHEV,102866.0,0.0,40.4,73.0,7.0,63.2,100000.0,26000.0,126000.0,0.92,102866.0,80433.0,15028.0,102866.0,5.845,4.0,2021-12-01,2021-12,Tesla,BEV+PHEV,102866.0,monthly_est,brand_reports,0.92
USA,2022,1,128000.0,32000.0,160000.0,Tesla,BEV+PHEV,99340.0,0.8,28.0,70.6,6.6,42.8,128000.0,32000.0,160000.0,1.01,102866.0,102866.0,60112.0,101690.66666666669,0.6526,1.0,2022-01-01,2022-01,Tesla,BEV+PHEV,99340.0,monthly_est,brand_reports,1.01
USA,2022,2,128000.0,32000.0,160000.0,Tesla,BEV+PHEV,99340.0,0.0,38.75,69.75,9.25,57.25,128000.0,32000.0,160000.0,1.01,99340.0,102866.0,60112.0,100515.33333333331,0.6526,1.0,2022-02-01,2022-02,Tesla,BEV+PHEV,99340.0,monthly_est,brand_reports,1.01
USA,2022,3,128000.0,32000.0,160000.0,Tesla,BEV+PHEV,99340.0,0.0,52.5,91.75,14.75,82.25,128000.0,32000.0,160000.0,1.01,99340.0,102866.0,60112.0,99340.0,0.6526,1.0,2022-03-01,2022-03,Tesla,BEV+PHEV,99340.0,monthly_est,brand_reports,1.01
USA,2022,4,128000.0,32000.0,160000.0,Tesla,BEV+PHEV,84898.0,0.0,42.5,84.5,10.5,62.25,128000.0,32000.0,160000.0,1.3,99340.0,99340.0,67083.0,94526.0,0.2656,2.0,2022-04-01,2022-04,Tesla,BEV+PHEV,84898.0,monthly_est,brand_reports,1.3
USA,2022,5,128000.0,32000.0,160000.0,Tesla,BEV+PHEV,84898.0,0.2,39.6,79.0,9.8,56.0,128000.0,32000.0,160000.0,1.3,84898.0,99340.0,67083.0,89712.0,0.2656,2.0,2022-05-01,2022-05,Tesla,BEV+PHEV,84898.0,monthly_est,brand_reports,1.3
USA,2022,6,128000.0,32000.0,160000.0,Tesla,BEV+PHEV,84898.0,0.75,52.25,80.75,11.75,65.25,128000.0,32000.0,160000.0,1.3,84898.0,99340.0,67083.0,84898.0,0.2656,2.0,2022-06-01,2022-06,Tesla,BEV+PHEV,84898.0,monthly_est,brand_reports,1.3
USA,2022,7,128000.0,32000.0,160000.0,Tesla,BEV+PHEV,114610.0,1.4,48.4,69.4,9.8,57.6,128000.0,32000.0,160000.0,1.2,84898.0,84898.0,80433.0,94802.0,0.4249,3.0,2022-07-01,2022-07,Tesla,BEV+PHEV,114610.0,monthly_est,brand_reports,1.2
USA,2022,8,128000.0,32000.0,160000.0,Tesla,BEV+PHEV,114610.0,0.75,48.0,71.25,10.25,69.75,128000.0,32000.0,160000.0,1.2,114610.0,84898.0,80433.0,104706.0,0.4249,3.0,2022-08-01,2022-08,Tesla,BEV+PHEV,114610.0,monthly_est,brand_reports,1.2
USA,2022,9,128000.0,32000.0,160000.0,Tesla,BEV+PHEV,114610.0,0.25,44.5,62.75,8.75,53.75,128000.0,32000.0,160000.0,1.2,114610.0,84898.0,80433.0,114610.0,0.4249,3.0,2022-09-01,2022-09,Tesla,BEV+PHEV,114610.0,monthly_est,brand_reports,1.2
USA,2022,10,128000.0,32000.0,160000.0,Tesla,BEV+PHEV,135092.0,0.4,39.6,61.2,7.6,50.4,128000.0,32000.0,160000.0,1.06,114610.0,114610.0,102866.0,121437.33333333331,0.3133,4.0,2022-10-01,2022-10,Tesla,BEV+PHEV,135092.0,monthly_est,brand_reports,1.06
USA,2022,11,128000.0,32000.0,160000.0,Tesla,BEV+PHEV,135092.0,0.0,37.25,60.25,6.75,45.25,128000.0,32000.0,160000.0,1.06,135092.0,114610.0,102866.0,128264.66666666669,0.3133,4.0,2022-11-01,2022-11,Tesla,BEV+PHEV,135092.0,monthly_est,brand_reports,1.06
USA,2022,12,128000.0,32000.0,160000.0,Tesla,BEV+PHEV,135092.0,0.25,40.75,74.25,7.0,46.25,128000.0,32000.0,160000.0,1.06,135092.0,114610.0,102866.0,135092.0,0.3133,4.0,2022-12-01,2022-12,Tesla,BEV+PHEV,135092.0,monthly_est,brand_reports,1.06
USA,2023,1,159000.0,42000.0,201000.0,Tesla,BEV+PHEV,140958.0,1.0,65.4,95.8,7.8,78.0,159000.0,42000.0,201000.0,0.95,135092.0,135092.0,99340.0,137047.33333333334,0.4189,1.0,2023-01-01,2023-01,Tesla,BEV+PHEV,140958.0,monthly_est,brand_reports,0.95
USA,2023,2,159000.0,42000.0,201000.0,Tesla,BEV+PHEV,140958.0,1.25,71.0,89.5,7.75,79.25,159000.0,42000.0,201000.0,0.95,140958.0,135092.0,99340.0,139002.66666666666,0.4189,1.0,2023-02-01,2023-02,Tesla,BEV+PHEV,140958.0,monthly_est,brand_reports,0.95
USA,2023,3,159000.0,42000.0,201000.0,Tesla,BEV+PHEV,140958.0,0.75,70.0,78.5,7.25,76.25,159000.0,42000.0,201000.0,0.95,140958.0,135092.0,99340.0,140958.0,0.4189,1.0,2023-03-01,2023-03,Tesla,BEV+PHEV,140958.0,monthly_est,brand_reports,0.95
USA,2023,4,159000.0,42000.0,201000.0,Tesla,BEV+PHEV,155380.0,1.0,75.4,81.0,8.0,80.6,159000.0,42000.0,201000.0,1.0,140958.0,140958.0,84898.0,145765.33333333334,0.8302,2.0,2023-04-01,2023-04,Tesla,BEV+PHEV,155380.0,monthly_est,brand_reports,1.0
USA,2023,5,159000.0,42000.0,201000.0,Tesla,BEV+PHEV,155380.0,1.0,75.25,77.25,7.5,66.25,159000.0,42000.0,201000.0,1.0,155380.0,140958.0,84898.0,150572.66666666666,0.8302,2.0,2023-05-01,2023-05,Tesla,BEV+PHEV,155380.0,monthly_est,brand_reports,1.0
USA,2023,6,159000.0,42000.0,201000.0,Tesla,BEV+PHEV,155380.0,1.0,87.0,88.5,7.25,69.25,159000.0,42000.0,201000.0,1.0,155380.0,140958.0,84898.0,155380.0,0.8302,2.0,2023-06-01,2023-06,Tesla,BEV+PHEV,155380.0,monthly_est,brand_reports,1.0
USA,2023,7,159000.0,42000.0,201000.0,Tesla,BEV+PHEV,166666.0,1.0,92.4,88.4,7.6,70.4,159000.0,42000.0,201000.0,1.07,155380.0,155380.0,114610.0,159142.0,0.4542,3.0,2023-07-01,2023-07,Tesla,BEV+PHEV,166666.0,monthly_est,brand_reports,1.07
USA,2023,8,159000.0,42000.0,201000.0,Tesla,BEV+PHEV,166666.0,0.75,90.0,80.75,7.0,73.5,159000.0,42000.0,201000.0,1.07,166666.0,155380.0,114610.0,162904.0,0.4542,3.0,2023-08-01,2023-08,Tesla,BEV+PHEV,166666.0,monthly_est,brand_reports,1.07
USA,2023,9,159000.0,42000.0,201000.0,Tesla,BEV+PHEV,166666.0,1.0,87.25,79.25,7.25,79.0,159000.0,42000.0,201000.0,1.07,166666.0,155380.0,114610.0,166666.0,0.4542,3.0,2023-09-01,2023-09,Tesla,BEV+PHEV,166666.0,monthly_est,brand_reports,1.07
USA,2023,10,159000.0,42000.0,201000.0,Tesla,BEV+PHEV,161502.0,1.0,85.4,76.8,7.0,76.0,159000.0,42000.0,201000.0,0.95,166666.0,166666.0,135092.0,164944.66666666666,0.1955,4.0,2023-10-01,2023-10,Tesla,BEV+PHEV,161502.0,monthly_est,brand_reports,0.95
USA,2023,11,159000.0,42000.0,201000.0,Tesla,BEV+PHEV,161502.0,1.0,81.0,73.75,7.0,71.5,159000.0,42000.0,201000.0,0.95,161502.0,166666.0,135092.0,163223.33333333334,0.1955,4.0,2023-11-01,2023-11,Tesla,BEV+PHEV,161502.0,monthly_est,brand_reports,0.95
USA,2023,12,159000.0,42000.0,201000.0,Tesla,BEV+PHEV,161502.0,2.17,77.0,77.17,6.83,68.67,159000.0,42000.0,201000.0,0.95,161502.0,166666.0,135092.0,161502.0,0.1955,4.0,2023-12-01,2023-12,Tesla,BEV+PHEV,161502.0,monthly_est,brand_reports,0.95
Germany,2022,1,72000.0,13000.0,85000.0,VW,BEV+PHEV,24133.0,10.8,32.4,74.2,1.0,69.4,72000.0,13000.0,85000.0,1.85,24733.0,24733.0,9633.0,24533.0,1.5052,1.0,2022-01-01,2022-01,VW,BEV+PHEV,24133.0,monthly_est,brand_reports,1.85
Germany,2022,2,72000.0,13000.0,85000.0,VW,BEV+PHEV,24133.0,11.25,40.25,64.5,1.0,77.5,72000.0,13000.0,85000.0,1.85,24133.0,24733.0,9633.0,24333.0,1.5052,1.0,2022-02-01,2022-02,VW,BEV+PHEV,24133.0,monthly_est,brand_reports,1.85
Germany,2022,3,72000.0,13000.0,85000.0,VW,BEV+PHEV,24133.0,12.75,37.0,82.0,1.0,76.75,72000.0,13000.0,85000.0,1.85,24133.0,24733.0,9633.0,24133.0,1.5052,1.0,2022-03-01,2022-03,VW,BEV+PHEV,24133.0,monthly_est,brand_reports,1.85
Germany,2022,4,72000.0,13000.0,85000.0,VW,BEV+PHEV,29400.0,10.25,42.75,77.0,1.0,60.0,72000.0,13000.0,85000.0,2.1,24133.0,24133.0,14033.0,25888.666666666668,1.0951,2.0,2022-04-01,2022-04,VW,BEV+PHEV,29400.0,monthly_est,brand_reports,2.1
Germany,2022,5,72000.0,13000.0,85000.0,VW,BEV+PHEV,29400.0,11.2,39.2,63.6,1.0,59.0,72000.0,13000.0,85000.0,2.1,29400.0,24133.0,14033.0,27644.33333333333,1.0951,2.0,2022-05-01,2022-05,VW,BEV+PHEV,29400.0,monthly_est,brand_reports,2.1
Germany,2022,6,72000.0,13000.0,85000.0,VW,BEV+PHEV,29400.0,12.75,39.75,57.5,1.0,70.5,72000.0,13000.0,85000.0,2.1,29400.0,24133.0,14033.0,29400.0,1.0951,2.0,2022-06-01,2022-06,VW,BEV+PHEV,29400.0,monthly_est,brand_reports,2.1
Germany,2022,7,72000.0,13000.0,85000.0,VW,BEV+PHEV,30333.0,15.2,47.6,58.4,1.0,52.8,72000.0,13000.0,85000.0,1.95,29400.0,29400.0,19600.0,29711.0,0.5476,3.0,2022-07-01,2022-07,VW,BEV+PHEV,30333.0,monthly_est,brand_reports,1.95
Germany,2022,8,72000.0,13000.0,85000.0,VW,BEV+PHEV,30333.0,13.0,48.25,58.5,1.0,63.5,72000.0,13000.0,85000.0,1.95,30333.0,29400.0,19600.0,30022.0,0.5476,3.0,2022-08-01,2022-08,VW,BEV+PHEV,30333.0,monthly_est,brand_reports,1.95
Germany,2022,9,72000.0,13000.0,85000.0,VW,BEV+PHEV,30333.0,11.5,24.75,53.0,1.0,50.25,72000.0,13000.0,85000.0,1.95,30333.0,29400.0,19600.0,30333.0,0.5476,3.0,2022-09-01,2022-09,VW,BEV+PHEV,30333.0,monthly_est,brand_reports,1.95
Germany,2022,10,72000.0,13000.0,85000.0,VW,BEV+PHEV,34766.0,13.8,39.2,54.6,1.0,53.4,72000.0,13000.0,85000.0,1.82,30333.0,30333.0,24733.0,31810.666666666668,0.4057,4.0,2022-10-01,2022-10,VW,BEV+PHEV,34766.0,monthly_est,brand_reports,1.82
Germany,2022,11,72000.0,13000.0,85000.0,VW,BEV+PHEV,34766.0,10.75,39.5,55.5,0.75,59.25,72000.0,13000.0,85000.0,1.82,34766.0,30333.0,24733.0,33288.333333333336,0.4057,4.0,2022-11-01,2022-11,VW,BEV+PHEV,34766.0,monthly_est,brand_reports,1.82
Germany,2022,12,72000.0,13000.0,85000.0,VW,BEV+PHEV,34766.0,10.0,37.5,71.25,1.0,54.0,72000.0,13000.0,85000.0,1.82,34766.0,30333.0,24733.0,34766.0,0.4057,4.0,2022-12-01,2022-12,VW,BEV+PHEV,34766.0,monthly_est,brand_reports,1.82
United Kingdom,2020,1,22000.0,4100.0,26100.0,All,BEV+PHEV,14590.0,0.0,68.0,58.0,18.0,74.25,22000.0,4100.0,26100.0,1.22,6269.0,6269.0,6269.0,9042.666666666666,1.3273,1.0,2020-01-01,2020-01,All,BEV+PHEV,14590.0,monthly_est,IEA_Global_EV_Outlook_2024,1.22
United Kingdom,2020,2,22000.0,4100.0,26100.0,All,BEV+PHEV,14590.0,0.0,73.5,63.75,21.25,87.5,22000.0,4100.0,26100.0,1.22,14590.0,6269.0,6269.0,11816.333333333334,1.3273,1.0,2020-02-01,2020-02,All,BEV+PHEV,14590.0,monthly_est,IEA_Global_EV_Outlook_2024,1.22
United Kingdom,2020,3,22000.0,4100.0,26100.0,All,BEV+PHEV,14590.0,0.0,43.8,41.8,11.6,57.0,22000.0,4100.0,26100.0,1.22,14590.0,6269.0,6269.0,14590.0,1.3273,1.0,2020-03-01,2020-03,All,BEV+PHEV,14590.0,monthly_est,IEA_Global_EV_Outlook_2024,1.22
United Kingdom,2020,4,22000.0,4100.0,26100.0,All,BEV+PHEV,14590.0,0.0,19.75,36.5,8.75,36.75,22000.0,4100.0,26100.0,1.1,14590.0,14590.0,6269.0,14590.0,1.3273,2.0,2020-04-01,2020-04,All,BEV+PHEV,14590.0,monthly_est,IEA_Global_EV_Outlook_2024,1.1
United Kingdom,2020,5,22000.0,4100.0,26100.0,All,BEV+PHEV,14590.0,0.0,31.4,40.0,11.6,49.6,22000.0,4100.0,26100.0,1.1,14590.0,14590.0,6269.0,14590.0,1.3273,2.0,2020-05-01,2020-05,All,BEV+PHEV,14590.0,monthly_est,IEA_Global_EV_Outlook_2024,1.1
United Kingdom,2020,6,22000.0,4100.0,26100.0,All,BEV+PHEV,14590.0,0.0,44.25,47.25,15.0,59.75,22000.0,4100.0,26100.0,1.1,14590.0,14590.0,6269.0,14590.0,1.3273,2.0,2020-06-01,2020-06,All,BEV+PHEV,14590.0,monthly_est,IEA_Global_EV_Outlook_2024,1.1
United Kingdom,2020,7,22000.0,4100.0,26100.0,All,BEV+PHEV,14590.0,0.25,61.75,64.5,15.75,65.25,22000.0,4100.0,26100.0,1.18,14590.0,14590.0,6269.0,14590.0,1.3273,3.0,2020-07-01,2020-07,All,BEV+PHEV,14590.0,monthly_est,IEA_Global_EV_Outlook_2024,1.18
United Kingdom,2020,8,22000.0,4100.0,26100.0,All,BEV+PHEV,14590.0,0.0,61.2,67.0,17.6,61.4,22000.0,4100.0,26100.0,1.18,14590.0,14590.0,6269.0,14590.0,1.3273,3.0,2020-08-01,2020-08,All,BEV+PHEV,14590.0,monthly_est,IEA_Global_EV_Outlook_2024,1.18
United Kingdom,2020,9,22000.0,4100.0,26100.0,All,BEV+PHEV,14590.0,0.25,73.25,78.75,17.0,68.5,22000.0,4100.0,26100.0,1.18,14590.0,14590.0,6269.0,14590.0,1.3273,3.0,2020-09-01,2020-09,All,BEV+PHEV,14590.0,monthly_est,IEA_Global_EV_Outlook_2024,1.18
United Kingdom,2020,10,22000.0,4100.0,26100.0,All,BEV+PHEV,14590.0,0.0,65.5,55.5,16.25,67.25,22000.0,4100.0,26100.0,1.2,14590.0,14590.0,6269.0,14590.0,1.3273,4.0,2020-10-01,2020-10,All,BEV+PHEV,14590.0,monthly_est,IEA_Global_EV_Outlook_2024,1.2
United Kingdom,2020,11,22000.0,4100.0,26100.0,All,BEV+PHEV,14590.0,1.0,70.4,53.6,19.6,80.8,22000.0,4100.0,26100.0,1.2,14590.0,14590.0,6269.0,14590.0,1.3273,4.0,2020-11-01,2020-11,All,BEV+PHEV,14590.0,monthly_est,IEA_Global_EV_Outlook_2024,1.2
United Kingdom,2020,12,22000.0,4100.0,26100.0,All,BEV+PHEV,14590.0,0.0,56.0,61.6,18.0,52.8,22000.0,4100.0,26100.0,1.2,14590.0,14590.0,6269.0,14590.0,1.3273,4.0,2020-12-01,2020-12,All,BEV+PHEV,14590.0,monthly_est,IEA_Global_EV_Outlook_2024,1.2
United Kingdom,2021,1,28000.0,5400.0,33400.0,All,BEV+PHEV,25422.0,1.0,35.0,83.0,18.6,43.4,28000.0,5400.0,33400.0,1.25,14590.0,14590.0,14590.0,18200.666666666668,0.7424,1.0,2021-01-01,2021-01,All,BEV+PHEV,25422.0,monthly_est,IEA_Global_EV_Outlook_2024,1.25
United Kingdom,2021,2,28000.0,5400.0,33400.0,All,BEV+PHEV,25422.0,1.0,46.0,81.5,21.25,49.5,28000.0,5400.0,33400.0,1.25,25422.0,14590.0,14590.0,21811.33333333333,0.7424,1.0,2021-02-01,2021-02,All,BEV+PHEV,25422.0,monthly_est,IEA_Global_EV_Outlook_2024,1.25
United Kingdom,2021,3,28000.0,5400.0,33400.0,All,BEV+PHEV,25422.0,0.75,47.25,76.0,21.0,45.0,28000.0,5400.0,33400.0,1.25,25422.0,14590.0,14590.0,25422.0,0.7424,1.0,2021-03-01,2021-03,All,BEV+PHEV,25422.0,monthly_est,IEA_Global_EV_Outlook_2024,1.25
United Kingdom,2021,4,28000.0,5400.0,33400.0,All,BEV+PHEV,25422.0,1.0,54.75,70.0,22.75,47.5,28000.0,5400.0,33400.0,1.36,25422.0,25422.0,14590.0,25422.0,0.7424,2.0,2021-04-01,2021-04,All,BEV+PHEV,25422.0,monthly_est,IEA_Global_EV_Outlook_2024,1.36
United Kingdom,2021,5,28000.0,5400.0,33400.0,All,BEV+PHEV,25422.0,0.8,64.2,66.4,23.4,48.0,28000.0,5400.0,33400.0,1.36,25422.0,25422.0,14590.0,25422.0,0.7424,2.0,2021-05-01,2021-05,All,BEV+PHEV,25422.0,monthly_est,IEA_Global_EV_Outlook_2024,1.36
United Kingdom,2021,6,28000.0,5400.0,33400.0,All,BEV+PHEV,25422.0,1.0,68.25,59.5,23.75,48.75,28000.0,5400.0,33400.0,1.36,25422.0,25422.0,14590.0,25422.0,0.7424,2.0,2021-06-01,2021-06,All,BEV+PHEV,25422.0,monthly_est,IEA_Global_EV_Outlook_2024,1.36
United Kingdom,2021,7,28000.0,5400.0,33400.0,All,BEV+PHEV,25422.0,0.5,70.25,55.25,25.75,46.75,28000.0,5400.0,33400.0,1.42,25422.0,25422.0,14590.0,25422.0,0.7424,3.0,2021-07-01,2021-07,All,BEV+PHEV,25422.0,monthly_est,IEA_Global_EV_Outlook_2024,1.42
United Kingdom,2021,8,28000.0,5400.0,33400.0,All,BEV+PHEV,25422.0,0.6,78.6,58.6,27.2,47.2,28000.0,5400.0,33400.0,1.42,25422.0,25422.0,14590.0,25422.0,0.7424,3.0,2021-08-01,2021-08,All,BEV+PHEV,25422.0,monthly_est,IEA_Global_EV_Outlook_2024,1.42
United Kingdom,2021,9,28000.0,5400.0,33400.0,All,BEV+PHEV,25422.0,0.25,86.75,57.25,33.25,55.25,28000.0,5400.0,33400.0,1.42,25422.0,25422.0,14590.0,25422.0,0.7424,3.0,2021-09-01,2021-09,All,BEV+PHEV,25422.0,monthly_est,IEA_Global_EV_Outlook_2024,1.42
United Kingdom,2021,10,28000.0,5400.0,33400.0,All,BEV+PHEV,25422.0,1.0,91.4,76.8,37.4,61.8,28000.0,5400.0,33400.0,1.55,25422.0,25422.0,14590.0,25422.0,0.7424,4.0,2021-10-01,2021-10,All,BEV+PHEV,25422.0,monthly_est,IEA_Global_EV_Outlook_2024,1.55
United Kingdom,2021,11,28000.0,5400.0,33400.0,All,BEV+PHEV,25422.0,1.0,91.75,76.25,30.5,63.75,28000.0,5400.0,33400.0,1.55,25422.0,25422.0,14590.0,25422.0,0.7424,4.0,2021-11-01,2021-11,All,BEV+PHEV,25422.0,monthly_est,IEA_Global_EV_Outlook_2024,1.55
United Kingdom,2021,12,28000.0,5400.0,33400.0,All,BEV+PHEV,25422.0,0.8,75.6,66.8,25.2,44.4,28000.0,5400.0,33400.0,1.55,25422.0,25422.0,14590.0,25422.0,0.7424,4.0,2021-12-01,2021-12,All,BEV+PHEV,25422.0,monthly_est,IEA_Global_EV_Outlook_2024,1.55
United Kingdom,2022,1,37000.0,7800.0,44800.0,All,BEV+PHEV,30960.0,1.0,79.2,80.4,32.2,49.4,37000.0,7800.0,44800.0,1.68,25422.0,25422.0,25422.0,27268.0,0.2178,1.0,2022-01-01,2022-01,All,BEV+PHEV,30960.0,monthly_est,IEA_Global_EV_Outlook_2024,1.68
United Kingdom,2022,2,37000.0,7800.0,44800.0,All,BEV+PHEV,30960.0,1.0,81.75,71.0,31.25,53.5,37000.0,7800.0,44800.0,1.68,30960.0,25422.0,25422.0,29114.0,0.2178,1.0,2022-02-01,2022-02,All,BEV+PHEV,30960.0,monthly_est,IEA_Global_EV_Outlook_2024,1.68
United Kingdom,2022,3,37000.0,7800.0,44800.0,All,BEV+PHEV,30960.0,1.0,97.5,86.25,46.25,60.75,37000.0,7800.0,44800.0,1.68,30960.0,25422.0,25422.0,30960.0,0.2178,1.0,2022-03-01,2022-03,All,BEV+PHEV,30960.0,monthly_est,IEA_Global_EV_Outlook_2024,1.68
United Kingdom,2022,4,37000.0,7800.0,44800.0,All,BEV+PHEV,30960.0,1.0,83.5,86.25,38.75,51.25,37000.0,7800.0,44800.0,2.0,30960.0,30960.0,25422.0,30960.0,0.2178,2.0,2022-04-01,2022-04,All,BEV+PHEV,30960.0,monthly_est,IEA_Global_EV_Outlook_2024,2.0
United Kingdom,2022,5,37000.0,7800.0,44800.0,All,BEV+PHEV,30960.0,1.0,75.0,78.4,30.6,46.2,37000.0,7800.0,44800.0,2.0,30960.0,30960.0,25422.0,30960.0,0.2178,2.0,2022-05-01,2022-05,All,BEV+PHEV,30960.0,monthly_est,IEA_Global_EV_Outlook_2024,2.0
United Kingdom,2022,6,37000.0,7800.0,44800.0,All,BEV+PHEV,30960.0,1.0,92.5,72.5,45.0,53.0,37000.0,7800.0,44800.0,2.0,30960.0,30960.0,25422.0,30960.0,0.2178,2.0,2022-06-01,2022-06,All,BEV+PHEV,30960.0,monthly_est,IEA_Global_EV_Outlook_2024,2.0
United Kingdom,2022,7,37000.0,7800.0,44800.0,All,BEV+PHEV,30960.0,1.4,91.0,65.8,33.2,45.2,37000.0,7800.0,44800.0,1.95,30960.0,30960.0,25422.0,30960.0,0.2178,3.0,2022-07-01,2022-07,All,BEV+PHEV,30960.0,monthly_est,IEA_Global_EV_Outlook_2024,1.95
United Kingdom,2022,8,37000.0,7800.0,44800.0,All,BEV+PHEV,30960.0,1.0,86.5,67.5,30.25,45.5,37000.0,7800.0,44800.0,1.95,30960.0,30960.0,25422.0,30960.0,0.2178,3.0,2022-08-01,2022-08,All,BEV+PHEV,30960.0,monthly_est,IEA_Global_EV_Outlook_2024,1.95
United Kingdom,2022,9,37000.0,7800.0,44800.0,All,BEV+PHEV,30960.0,1.0,78.75,61.25,27.75,43.5,37000.0,7800.0,44800.0,1.95,30960.0,30960.0,25422.0,30960.0,0.2178,3.0,2022-09-01,2022-09,All,BEV+PHEV,30960.0,monthly_est,IEA_Global_EV_Outlook_2024,1.95
United Kingdom,2022,10,37000.0,7800.0,44800.0,All,BEV+PHEV,30960.0,1.0,82.4,62.4,25.6,43.8,37000.0,7800.0,44800.0,1.82,30960.0,30960.0,25422.0,30960.0,0.2178,4.0,2022-10-01,2022-10,All,BEV+PHEV,30960.0,monthly_est,IEA_Global_EV_Outlook_2024,1.82
United Kingdom,2022,11,37000.0,7800.0,44800.0,All,BEV+PHEV,30960.0,1.25,77.5,60.75,25.25,48.5,37000.0,7800.0,44800.0,1.82,30960.0,30960.0,25422.0,30960.0,0.2178,4.0,2022-11-01,2022-11,All,BEV+PHEV,30960.0,monthly_est,IEA_Global_EV_Outlook_2024,1.82
United Kingdom,2022,12,37000.0,7800.0,44800.0,All,BEV+PHEV,30960.0,1.0,83.75,77.25,24.25,37.0,37000.0,7800.0,44800.0,1.82,30960.0,30960.0,25422.0,30960.0,0.2178,4.0,2022-12-01,2022-12,All,BEV+PHEV,30960.0,monthly_est,IEA_Global_EV_Outlook_2024,1.82
United Kingdom,2023,1,50000.0,11000.0,61000.0,All,BEV+PHEV,40000.0,1.8,77.0,96.8,30.2,39.8,50000.0,11000.0,61000.0,1.72,30960.0,30960.0,30960.0,33973.333333333336,0.292,1.0,2023-01-01,2023-01,All,BEV+PHEV,40000.0,monthly_est,IEA_Global_EV_Outlook_2024,1.72
United Kingdom,2023,2,50000.0,11000.0,61000.0,All,BEV+PHEV,40000.0,2.0,74.25,82.75,28.25,39.5,50000.0,11000.0,61000.0,1.72,40000.0,30960.0,30960.0,36986.66666666666,0.292,1.0,2023-02-01,2023-02,All,BEV+PHEV,40000.0,monthly_est,IEA_Global_EV_Outlook_2024,1.72
United Kingdom,2023,3,50000.0,11000.0,61000.0,All,BEV+PHEV,40000.0,2.75,85.5,80.0,27.25,40.75,50000.0,11000.0,61000.0,1.72,40000.0,30960.0,30960.0,40000.0,0.292,1.0,2023-03-01,2023-03,All,BEV+PHEV,40000.0,monthly_est,IEA_Global_EV_Outlook_2024,1.72
United Kingdom,2023,4,50000.0,11000.0,61000.0,All,BEV+PHEV,40000.0,3.4,84.0,75.6,27.8,37.2,50000.0,11000.0,61000.0,1.75,40000.0,40000.0,30960.0,40000.0,0.292,2.0,2023-04-01,2023-04,All,BEV+PHEV,40000.0,monthly_est,IEA_Global_EV_Outlook_2024,1.75
United Kingdom,2023,5,50000.0,11000.0,61000.0,All,BEV+PHEV,40000.0,2.5,80.75,73.75,27.0,39.25,50000.0,11000.0,61000.0,1.75,40000.0,40000.0,30960.0,40000.0,0.292,2.0,2023-05-01,2023-05,All,BEV+PHEV,40000.0,monthly_est,IEA_Global_EV_Outlook_2024,1.75
United Kingdom,2023,6,50000.0,11000.0,61000.0,All,BEV+PHEV,40000.0,2.5,82.0,77.5,28.0,36.75,50000.0,11000.0,61000.0,1.75,40000.0,40000.0,30960.0,40000.0,0.292,2.0,2023-06-01,2023-06,All,BEV+PHEV,40000.0,monthly_est,IEA_Global_EV_Outlook_2024,1.75
United Kingdom,2023,7,50000.0,11000.0,61000.0,All,BEV+PHEV,40000.0,2.6,91.6,80.4,30.4,39.4,50000.0,11000.0,61000.0,1.8,40000.0,40000.0,30960.0,40000.0,0.292,3.0,2023-07-01,2023-07,All,BEV+PHEV,40000.0,monthly_est,IEA_Global_EV_Outlook_2024,1.8
United Kingdom,2023,8,50000.0,11000.0,61000.0,All,BEV+PHEV,40000.0,3.25,86.75,71.25,28.25,36.0,50000.0,11000.0,61000.0,1.8,40000.0,40000.0,30960.0,40000.0,0.292,3.0,2023-08-01,2023-08,All,BEV+PHEV,40000.0,monthly_est,IEA_Global_EV_Outlook_2024,1.8
United Kingdom,2023,9,50000.0,11000.0,61000.0,All,BEV+PHEV,40000.0,6.5,95.0,73.0,30.0,44.0,50000.0,11000.0,61000.0,1.8,40000.0,40000.0,30960.0,40000.0,0.292,3.0,2023-09-01,2023-09,All,BEV+PHEV,40000.0,monthly_est,IEA_Global_EV_Outlook_2024,1.8
United Kingdom,2023,10,50000.0,11000.0,61000.0,All,BEV+PHEV,40000.0,4.6,91.0,68.8,30.2,45.4,50000.0,11000.0,61000.0,1.68,40000.0,40000.0,30960.0,40000.0,0.292,4.0,2023-10-01,2023-10,All,BEV+PHEV,40000.0,monthly_est,IEA_Global_EV_Outlook_2024,1.68
United Kingdom,2023,11,50000.0,11000.0,61000.0,All,BEV+PHEV,40000.0,4.5,86.5,70.75,26.5,40.5,50000.0,11000.0,61000.0,1.68,40000.0,40000.0,30960.0,40000.0,0.292,4.0,2023-11-01,2023-11,All,BEV+PHEV,40000.0,monthly_est,IEA_Global_EV_Outlook_2024,1.68
United Kingdom,2023,12,50000.0,11000.0,61000.0,All,BEV+PHEV,40000.0,17.33,81.0,71.0,26.33,37.67,50000.0,11000.0,61000.0,1.68,40000.0,40000.0,30960.0,40000.0,0.292,4.0,2023-12-01,2023-12,All,BEV+PHEV,40000.0,monthly_est,IEA_Global_EV_Outlook_2024,1.68
Norway,2023,1,34000.0,6200.0,40200.0,BYD,BEV+PHEV,1066.0,3.8,0.0,77.6,1.0,0.0,34000.0,6200.0,40200.0,1.9,700.0,700.0,40.0,822.0,25.65,1.0,2023-01-01,2023-01,BYD,BEV+PHEV,1066.0,monthly_est,brand_reports,1.9
Norway,2023,2,34000.0,6200.0,40200.0,BYD,BEV+PHEV,1066.0,3.5,0.0,60.25,1.0,0.0,34000.0,6200.0,40200.0,1.9,1066.0,700.0,40.0,944.0,25.65,1.0,2023-02-01,2023-02,BYD,BEV+PHEV,1066.0,monthly_est,brand_reports,1.9
Norway,2023,3,34000.0,6200.0,40200.0,BYD,BEV+PHEV,1066.0,2.75,0.0,60.5,1.0,0.0,34000.0,6200.0,40200.0,1.9,1066.0,700.0,40.0,1066.0,25.65,1.0,2023-03-01,2023-03,BYD,BEV+PHEV,1066.0,monthly_est,brand_reports,1.9
Norway,2023,4,34000.0,6200.0,40200.0,BYD,BEV+PHEV,1933.0,3.0,0.0,56.0,1.0,0.0,34000.0,6200.0,40200.0,1.95,1066.0,1066.0,296.0,1355.0,5.5304,2.0,2023-04-01,2023-04,BYD,BEV+PHEV,1933.0,monthly_est,brand_reports,1.95
Norway,2023,5,34000.0,6200.0,40200.0,BYD,BEV+PHEV,1933.0,3.0,0.0,50.75,1.0,25.0,34000.0,6200.0,40200.0,1.95,1933.0,1066.0,296.0,1644.0,5.5304,2.0,2023-05-01,2023-05,BYD,BEV+PHEV,1933.0,monthly_est,brand_reports,1.95
Norway,2023,6,34000.0,6200.0,40200.0,BYD,BEV+PHEV,1933.0,2.75,0.0,54.5,1.25,0.0,34000.0,6200.0,40200.0,1.95,1933.0,1066.0,296.0,1933.0,5.5304,2.0,2023-06-01,2023-06,BYD,BEV+PHEV,1933.0,monthly_est,brand_reports,1.95
Norway,2023,7,34000.0,6200.0,40200.0,BYD,BEV+PHEV,2400.0,3.2,17.8,63.2,1.4,0.0,34000.0,6200.0,40200.0,2.0,1933.0,1933.0,473.0,2088.6666666666665,4.074,3.0,2023-07-01,2023-07,BYD,BEV+PHEV,2400.0,monthly_est,brand_reports,2.0
Norway,2023,8,34000.0,6200.0,40200.0,BYD,BEV+PHEV,2400.0,3.25,17.5,49.25,1.0,21.0,34000.0,6200.0,40200.0,2.0,2400.0,1933.0,473.0,2244.333333333333,4.074,3.0,2023-08-01,2023-08,BYD,BEV+PHEV,2400.0,monthly_est,brand_reports,2.0
Norway,2023,9,34000.0,6200.0,40200.0,BYD,BEV+PHEV,2400.0,3.5,0.0,48.0,1.25,0.0,34000.0,6200.0,40200.0,2.0,2400.0,1933.0,473.0,2400.0,4.074,3.0,2023-09-01,2023-09,BYD,BEV+PHEV,2400.0,monthly_est,brand_reports,2.0
Norway,2023,10,34000.0,6200.0,40200.0,BYD,BEV+PHEV,3133.0,4.0,0.0,49.4,1.0,0.0,34000.0,6200.0,40200.0,1.88,2400.0,2400.0,700.0,2644.333333333333,3.4757,4.0,2023-10-01,2023-10,BYD,BEV+PHEV,3133.0,monthly_est,brand_reports,1.88
Norway,2023,11,34000.0,6200.0,40200.0,BYD,BEV+PHEV,3133.0,4.0,0.0,43.75,1.0,0.0,34000.0,6200.0,40200.0,1.88,3133.0,2400.0,700.0,2888.6666666666665,3.4757,4.0,2023-11-01,2023-11,BYD,BEV+PHEV,3133.0,monthly_est,brand_reports,1.88
Norway,2023,12,34000.0,6200.0,40200.0,BYD,BEV+PHEV,3133.0,5.33,0.0,54.0,1.5,0.0,34000.0,6200.0,40200.0,1.88,3133.0,2400.0,700.0,3133.0,3.4757,4.0,2023-12-01,2023-12,BYD,BEV+PHEV,3133.0,monthly_est,brand_reports,1.88
India,2021,1,1800.0,580.0,2380.0,All,BEV+PHEV,1099.0,0.0,18.4,55.4,8.6,49.2,1800.0,580.0,2380.0,0.9,416.0,416.0,416.0,643.6666666666666,1.6418,1.0,2021-01-01,2021-01,All,BEV+PHEV,1099.0,monthly_est,IEA_Global_EV_Outlook_2024,0.9
India,2021,2,1800.0,580.0,2380.0,All,BEV+PHEV,1099.0,0.0,23.5,25.0,10.0,66.0,1800.0,580.0,2380.0,0.9,1099.0,416.0,416.0,871.3333333333334,1.6418,1.0,2021-02-01,2021-02,All,BEV+PHEV,1099.0,monthly_est,IEA_Global_EV_Outlook_2024,0.9
India,2021,3,1800.0,580.0,2380.0,All,BEV+PHEV,1099.0,0.0,17.5,21.75,8.25,58.25,1800.0,580.0,2380.0,0.9,1099.0,416.0,416.0,1099.0,1.6418,1.0,2021-03-01,2021-03,All,BEV+PHEV,1099.0,monthly_est,IEA_Global_EV_Outlook_2024,0.9
India,2021,4,1800.0,580.0,2380.0,All,BEV+PHEV,1099.0,0.0,12.75,17.5,5.5,41.75,1800.0,580.0,2380.0,0.98,1099.0,1099.0,416.0,1099.0,1.6418,2.0,2021-04-01,2021-04,All,BEV+PHEV,1099.0,monthly_est,IEA_Global_EV_Outlook_2024,0.98
India,2021,5,1800.0,580.0,2380.0,All,BEV+PHEV,1099.0,0.0,12.0,19.0,5.4,44.4,1800.0,580.0,2380.0,0.98,1099.0,1099.0,416.0,1099.0,1.6418,2.0,2021-05-01,2021-05,All,BEV+PHEV,1099.0,monthly_est,IEA_Global_EV_Outlook_2024,0.98
India,2021,6,1800.0,580.0,2380.0,All,BEV+PHEV,1099.0,0.0,17.0,15.5,7.25,64.25,1800.0,580.0,2380.0,0.98,1099.0,1099.0,416.0,1099.0,1.6418,2.0,2021-06-01,2021-06,All,BEV+PHEV,1099.0,monthly_est,IEA_Global_EV_Outlook_2024,0.98
India,2021,7,1800.0,580.0,2380.0,All,BEV+PHEV,1099.0,0.0,30.5,18.25,9.5,78.25,1800.0,580.0,2380.0,1.05,1099.0,1099.0,416.0,1099.0,1.6418,3.0,2021-07-01,2021-07,All,BEV+PHEV,1099.0,monthly_est,IEA_Global_EV_Outlook_2024,1.05
India,2021,8,1800.0,580.0,2380.0,All,BEV+PHEV,1099.0,0.0,27.0,16.0,8.0,70.8,1800.0,580.0,2380.0,1.05,1099.0,1099.0,416.0,1099.0,1.6418,3.0,2021-08-01,2021-08,All,BEV+PHEV,1099.0,monthly_est,IEA_Global_EV_Outlook_2024,1.05
India,2021,9,1800.0,580.0,2380.0,All,BEV+PHEV,1099.0,0.0,27.5,14.25,7.5,66.5,1800.0,580.0,2380.0,1.05,1099.0,1099.0,416.0,1099.0,1.6418,3.0,2021-09-01,2021-09,All,BEV+PHEV,1099.0,monthly_est,IEA_Global_EV_Outlook_2024,1.05
India,2021,10,1800.0,580.0,2380.0,All,BEV+PHEV,1099.0,0.2,29.2,17.2,8.2,66.6,1800.0,580.0,2380.0,1.1,1099.0,1099.0,416.0,1099.0,1.6418,4.0,2021-10-01,2021-10,All,BEV+PHEV,1099.0,monthly_est,IEA_Global_EV_Outlook_2024,1.1
India,2021,11,1800.0,580.0,2380.0,All,BEV+PHEV,1099.0,0.5,27.5,22.5,8.5,67.5,1800.0,580.0,2380.0,1.1,1099.0,1099.0,416.0,1099.0,1.6418,4.0,2021-11-01,2021-11,All,BEV+PHEV,1099.0,monthly_est,IEA_Global_EV_Outlook_2024,1.1
India,2021,12,1800.0,580.0,2380.0,All,BEV+PHEV,1099.0,1.2,22.0,27.4,10.2,64.2,1800.0,580.0,2380.0,1.1,1099.0,1099.0,416.0,1099.0,1.6418,4.0,2021-12-01,2021-12,All,BEV+PHEV,1099.0,monthly_est,IEA_Global_EV_Outlook_2024,1.1
India,2022,1,6100.0,1200.0,7300.0,All,BEV+PHEV,4014.0,2.2,33.0,82.2,26.6,82.6,6100.0,1200.0,7300.0,1.12,1099.0,1099.0,1099.0,2070.6666666666665,2.6524,1.0,2022-01-01,2022-01,All,BEV+PHEV,4014.0,monthly_est,IEA_Global_EV_Outlook_2024,1.12
India,2022,2,6100.0,1200.0,7300.0,All,BEV+PHEV,4014.0,2.0,32.75,69.0,29.5,90.0,6100.0,1200.0,7300.0,1.12,4014.0,1099.0,1099.0,3042.333333333333,2.6524,1.0,2022-02-01,2022-02,All,BEV+PHEV,4014.0,monthly_est,IEA_Global_EV_Outlook_2024,1.12
India,2022,3,6100.0,1200.0,7300.0,All,BEV+PHEV,4014.0,3.0,33.0,56.5,29.0,92.25,6100.0,1200.0,7300.0,1.12,4014.0,1099.0,1099.0,4014.0,2.6524,1.0,2022-03-01,2022-03,All,BEV+PHEV,4014.0,monthly_est,IEA_Global_EV_Outlook_2024,1.12
India,2022,4,6100.0,1200.0,7300.0,All,BEV+PHEV,4014.0,3.75,34.75,68.0,34.0,83.75,6100.0,1200.0,7300.0,1.18,4014.0,4014.0,1099.0,4014.0,2.6524,2.0,2022-04-01,2022-04,All,BEV+PHEV,4014.0,monthly_est,IEA_Global_EV_Outlook_2024,1.18
India,2022,5,6100.0,1200.0,7300.0,All,BEV+PHEV,4014.0,3.4,30.6,67.0,29.2,68.2,6100.0,1200.0,7300.0,1.18,4014.0,4014.0,1099.0,4014.0,2.6524,2.0,2022-05-01,2022-05,All,BEV+PHEV,4014.0,monthly_est,IEA_Global_EV_Outlook_2024,1.18
India,2022,6,6100.0,1200.0,7300.0,All,BEV+PHEV,4014.0,4.5,25.5,54.0,23.75,60.75,6100.0,1200.0,7300.0,1.18,4014.0,4014.0,1099.0,4014.0,2.6524,2.0,2022-06-01,2022-06,All,BEV+PHEV,4014.0,monthly_est,IEA_Global_EV_Outlook_2024,1.18
India,2022,7,6100.0,1200.0,7300.0,All,BEV+PHEV,4014.0,4.4,23.0,53.4,22.6,64.6,6100.0,1200.0,7300.0,1.15,4014.0,4014.0,1099.0,4014.0,2.6524,3.0,2022-07-01,2022-07,All,BEV+PHEV,4014.0,monthly_est,IEA_Global_EV_Outlook_2024,1.15
India,2022,8,6100.0,1200.0,7300.0,All,BEV+PHEV,4014.0,5.75,24.75,50.5,29.0,63.0,6100.0,1200.0,7300.0,1.15,4014.0,4014.0,1099.0,4014.0,2.6524,3.0,2022-08-01,2022-08,All,BEV+PHEV,4014.0,monthly_est,IEA_Global_EV_Outlook_2024,1.15
India,2022,9,6100.0,1200.0,7300.0,All,BEV+PHEV,4014.0,5.5,27.5,56.5,24.0,68.75,6100.0,1200.0,7300.0,1.15,4014.0,4014.0,1099.0,4014.0,2.6524,3.0,2022-09-01,2022-09,All,BEV+PHEV,4014.0,monthly_est,IEA_Global_EV_Outlook_2024,1.15
India,2022,10,6100.0,1200.0,7300.0,All,BEV+PHEV,4014.0,12.2,30.0,47.4,26.8,71.0,6100.0,1200.0,7300.0,1.12,4014.0,4014.0,1099.0,4014.0,2.6524,4.0,2022-10-01,2022-10,All,BEV+PHEV,4014.0,monthly_est,IEA_Global_EV_Outlook_2024,1.12
India,2022,11,6100.0,1200.0,7300.0,All,BEV+PHEV,4014.0,11.0,27.25,49.0,25.5,68.5,6100.0,1200.0,7300.0,1.12,4014.0,4014.0,1099.0,4014.0,2.6524,4.0,2022-11-01,2022-11,All,BEV+PHEV,4014.0,monthly_est,IEA_Global_EV_Outlook_2024,1.12
India,2022,12,6100.0,1200.0,7300.0,All,BEV+PHEV,4014.0,10.5,26.25,54.75,26.5,64.5,6100.0,1200.0,7300.0,1.12,4014.0,4014.0,1099.0,4014.0,2.6524,4.0,2022-12-01,2022-12,All,BEV+PHEV,4014.0,monthly_est,IEA_Global_EV_Outlook_2024,1.12
India,2023,1,12000.0,2100.0,14100.0,All,BEV+PHEV,7536.0,11.0,34.2,74.8,32.4,86.8,12000.0,2100.0,14100.0,1.08,4014.0,4014.0,4014.0,5188.0,0.8774,1.0,2023-01-01,2023-01,All,BEV+PHEV,7536.0,monthly_est,IEA_Global_EV_Outlook_2024,1.08
India,2023,2,12000.0,2100.0,14100.0,All,BEV+PHEV,7536.0,11.0,36.0,67.75,29.75,91.25,12000.0,2100.0,14100.0,1.08,7536.0,4014.0,4014.0,6362.0,0.8774,1.0,2023-02-01,2023-02,All,BEV+PHEV,7536.0,monthly_est,IEA_Global_EV_Outlook_2024,1.08
India,2023,3,12000.0,2100.0,14100.0,All,BEV+PHEV,7536.0,10.5,36.0,51.5,27.25,85.5,12000.0,2100.0,14100.0,1.08,7536.0,4014.0,4014.0,7536.0,0.8774,1.0,2023-03-01,2023-03,All,BEV+PHEV,7536.0,monthly_est,IEA_Global_EV_Outlook_2024,1.08
India,2023,4,12000.0,2100.0,14100.0,All,BEV+PHEV,7536.0,10.8,41.0,45.4,34.6,78.0,12000.0,2100.0,14100.0,1.06,7536.0,7536.0,4014.0,7536.0,0.8774,2.0,2023-04-01,2023-04,All,BEV+PHEV,7536.0,monthly_est,IEA_Global_EV_Outlook_2024,1.06
India,2023,5,12000.0,2100.0,14100.0,All,BEV+PHEV,7536.0,10.25,39.75,45.75,36.5,78.0,12000.0,2100.0,14100.0,1.06,7536.0,7536.0,4014.0,7536.0,0.8774,2.0,2023-05-01,2023-05,All,BEV+PHEV,7536.0,monthly_est,IEA_Global_EV_Outlook_2024,1.06
India,2023,6,12000.0,2100.0,14100.0,All,BEV+PHEV,7536.0,11.0,39.0,60.25,32.5,80.5,12000.0,2100.0,14100.0,1.06,7536.0,7536.0,4014.0,7536.0,0.8774,2.0,2023-06-01,2023-06,All,BEV+PHEV,7536.0,monthly_est,IEA_Global_EV_Outlook_2024,1.06
India,2023,7,12000.0,2100.0,14100.0,All,BEV+PHEV,7536.0,12.0,39.2,67.8,30.4,82.6,12000.0,2100.0,14100.0,1.05,7536.0,7536.0,4014.0,7536.0,0.8774,3.0,2023-07-01,2023-07,All,BEV+PHEV,7536.0,monthly_est,IEA_Global_EV_Outlook_2024,1.05
India,2023,8,12000.0,2100.0,14100.0,All,BEV+PHEV,7536.0,9.5,40.75,61.0,31.5,81.5,12000.0,2100.0,14100.0,1.05,7536.0,7536.0,4014.0,7536.0,0.8774,3.0,2023-08-01,2023-08,All,BEV+PHEV,7536.0,monthly_est,IEA_Global_EV_Outlook_2024,1.05
India,2023,9,12000.0,2100.0,14100.0,All,BEV+PHEV,7536.0,9.75,43.75,51.25,30.75,83.25,12000.0,2100.0,14100.0,1.05,7536.0,7536.0,4014.0,7536.0,0.8774,3.0,2023-09-01,2023-09,All,BEV+PHEV,7536.0,monthly_est,IEA_Global_EV_Outlook_2024,1.05
India,2023,10,12000.0,2100.0,14100.0,All,BEV+PHEV,7536.0,8.6,37.2,51.4,28.2,73.8,12000.0,2100.0,14100.0,1.03,7536.0,7536.0,4014.0,7536.0,0.8774,4.0,2023-10-01,2023-10,All,BEV+PHEV,7536.0,monthly_est,IEA_Global_EV_Outlook_2024,1.03
India,2023,11,12000.0,2100.0,14100.0,All,BEV+PHEV,7536.0,8.5,39.75,44.75,28.75,82.25,12000.0,2100.0,14100.0,1.03,7536.0,7536.0,4014.0,7536.0,0.8774,4.0,2023-11-01,2023-11,All,BEV+PHEV,7536.0,monthly_est,IEA_Global_EV_Outlook_2024,1.03
India,2023,12,12000.0,2100.0,14100.0,All,BEV+PHEV,7536.0,10.67,43.33,47.17,30.5,91.83,12000.0,2100.0,14100.0,1.03,7536.0,7536.0,4014.0,7536.0,0.8774,4.0,2023-12-01,2023-12,All,BEV+PHEV,7536.0,monthly_est,IEA_Global_EV_Outlook_2024,1.03
France,2020,1,40000.0,4200.0,44200.0,All,BEV+PHEV,15472.0,0.0,0.0,65.0,1.0,43.75,40000.0,4200.0,44200.0,1.38,5134.0,5134.0,5134.0,8580.0,2.0136,1.0,2020-01-01,2020-01,All,BEV+PHEV,15472.0,monthly_est,IEA_Global_EV_Outlook_2024,1.38
France,2020,2,40000.0,4200.0,44200.0,All,BEV+PHEV,15472.0,0.0,0.0,65.5,1.0,52.75,40000.0,4200.0,44200.0,1.38,15472.0,5134.0,5134.0,12026.0,2.0136,1.0,2020-02-01,2020-02,All,BEV+PHEV,15472.0,monthly_est,IEA_Global_EV_Outlook_2024,1.38
France,2020,3,40000.0,4200.0,44200.0,All,BEV+PHEV,15472.0,0.0,0.0,45.0,0.4,33.0,40000.0,4200.0,44200.0,1.38,15472.0,5134.0,5134.0,15472.0,2.0136,1.0,2020-03-01,2020-03,All,BEV+PHEV,15472.0,monthly_est,IEA_Global_EV_Outlook_2024,1.38
France,2020,4,40000.0,4200.0,44200.0,All,BEV+PHEV,15472.0,0.0,0.0,37.5,0.25,21.0,40000.0,4200.0,44200.0,1.25,15472.0,15472.0,5134.0,15472.0,2.0136,2.0,2020-04-01,2020-04,All,BEV+PHEV,15472.0,monthly_est,IEA_Global_EV_Outlook_2024,1.25
France,2020,5,40000.0,4200.0,44200.0,All,BEV+PHEV,15472.0,0.6,0.0,49.2,0.8,48.4,40000.0,4200.0,44200.0,1.25,15472.0,15472.0,5134.0,15472.0,2.0136,2.0,2020-05-01,2020-05,All,BEV+PHEV,15472.0,monthly_est,IEA_Global_EV_Outlook_2024,1.25
France,2020,6,40000.0,4200.0,44200.0,All,BEV+PHEV,15472.0,0.75,12.5,63.75,1.0,17.75,40000.0,4200.0,44200.0,1.25,15472.0,15472.0,5134.0,15472.0,2.0136,2.0,2020-06-01,2020-06,All,BEV+PHEV,15472.0,monthly_est,IEA_Global_EV_Outlook_2024,1.25
France,2020,7,40000.0,4200.0,44200.0,All,BEV+PHEV,15472.0,0.75,0.0,79.0,1.0,0.0,40000.0,4200.0,44200.0,1.32,15472.0,15472.0,5134.0,15472.0,2.0136,3.0,2020-07-01,2020-07,All,BEV+PHEV,15472.0,monthly_est,IEA_Global_EV_Outlook_2024,1.32
France,2020,8,40000.0,4200.0,44200.0,All,BEV+PHEV,15472.0,0.8,0.0,84.6,1.0,18.0,40000.0,4200.0,44200.0,1.32,15472.0,15472.0,5134.0,15472.0,2.0136,3.0,2020-08-01,2020-08,All,BEV+PHEV,15472.0,monthly_est,IEA_Global_EV_Outlook_2024,1.32
France,2020,9,40000.0,4200.0,44200.0,All,BEV+PHEV,15472.0,1.0,0.0,81.75,1.0,14.0,40000.0,4200.0,44200.0,1.32,15472.0,15472.0,5134.0,15472.0,2.0136,3.0,2020-09-01,2020-09,All,BEV+PHEV,15472.0,monthly_est,IEA_Global_EV_Outlook_2024,1.32
France,2020,10,40000.0,4200.0,44200.0,All,BEV+PHEV,15472.0,0.5,0.0,66.0,0.75,14.5,40000.0,4200.0,44200.0,1.35,15472.0,15472.0,5134.0,15472.0,2.0136,4.0,2020-10-01,2020-10,All,BEV+PHEV,15472.0,monthly_est,IEA_Global_EV_Outlook_2024,1.35
France,2020,11,40000.0,4200.0,44200.0,All,BEV+PHEV,15472.0,0.8,0.0,48.6,0.8,64.6,40000.0,4200.0,44200.0,1.35,15472.0,15472.0,5134.0,15472.0,2.0136,4.0,2020-11-01,2020-11,All,BEV+PHEV,15472.0,monthly_est,IEA_Global_EV_Outlook_2024,1.35
France,2020,12,40000.0,4200.0,44200.0,All,BEV+PHEV,15472.0,0.4,0.0,52.4,0.6,25.8,40000.0,4200.0,44200.0,1.35,15472.0,15472.0,5134.0,15472.0,2.0136,4.0,2020-12-01,2020-12,All,BEV+PHEV,15472.0,monthly_est,IEA_Global_EV_Outlook_2024,1.35
France,2021,1,58000.0,6800.0,64800.0,All,BEV+PHEV,24758.0,0.0,0.0,56.4,0.2,16.4,58000.0,6800.0,64800.0,1.42,15472.0,15472.0,15472.0,18567.33333333333,0.6002,1.0,2021-01-01,2021-01,All,BEV+PHEV,24758.0,monthly_est,IEA_Global_EV_Outlook_2024,1.42
France,2021,2,58000.0,6800.0,64800.0,All,BEV+PHEV,24758.0,0.0,0.0,53.75,0.5,12.5,58000.0,6800.0,64800.0,1.42,24758.0,15472.0,15472.0,21662.666666666668,0.6002,1.0,2021-02-01,2021-02,All,BEV+PHEV,24758.0,monthly_est,IEA_Global_EV_Outlook_2024,1.42
France,2021,3,58000.0,6800.0,64800.0,All,BEV+PHEV,24758.0,0.0,0.0,50.5,0.0,26.25,58000.0,6800.0,64800.0,1.42,24758.0,15472.0,15472.0,24758.0,0.6002,1.0,2021-03-01,2021-03,All,BEV+PHEV,24758.0,monthly_est,IEA_Global_EV_Outlook_2024,1.42
France,2021,4,58000.0,6800.0,64800.0,All,BEV+PHEV,24758.0,0.0,11.0,49.5,0.0,0.0,58000.0,6800.0,64800.0,1.52,24758.0,24758.0,15472.0,24758.0,0.6002,2.0,2021-04-01,2021-04,All,BEV+PHEV,24758.0,monthly_est,IEA_Global_EV_Outlook_2024,1.52
France,2021,5,58000.0,6800.0,64800.0,All,BEV+PHEV,24758.0,0.0,0.0,45.8,0.4,17.2,58000.0,6800.0,64800.0,1.52,24758.0,24758.0,15472.0,24758.0,0.6002,2.0,2021-05-01,2021-05,All,BEV+PHEV,24758.0,monthly_est,IEA_Global_EV_Outlook_2024,1.52
France,2021,6,58000.0,6800.0,64800.0,All,BEV+PHEV,24758.0,0.0,0.0,42.75,0.25,14.75,58000.0,6800.0,64800.0,1.52,24758.0,24758.0,15472.0,24758.0,0.6002,2.0,2021-06-01,2021-06,All,BEV+PHEV,24758.0,monthly_est,IEA_Global_EV_Outlook_2024,1.52
France,2021,7,58000.0,6800.0,64800.0,All,BEV+PHEV,24758.0,0.0,0.0,50.0,0.25,11.75,58000.0,6800.0,64800.0,1.6,24758.0,24758.0,15472.0,24758.0,0.6002,3.0,2021-07-01,2021-07,All,BEV+PHEV,24758.0,monthly_est,IEA_Global_EV_Outlook_2024,1.6
France,2021,8,58000.0,6800.0,64800.0,All,BEV+PHEV,24758.0,0.0,0.0,56.4,0.4,9.6,58000.0,6800.0,64800.0,1.6,24758.0,24758.0,15472.0,24758.0,0.6002,3.0,2021-08-01,2021-08,All,BEV+PHEV,24758.0,monthly_est,IEA_Global_EV_Outlook_2024,1.6
France,2021,9,58000.0,6800.0,64800.0,All,BEV+PHEV,24758.0,0.0,13.0,50.75,0.75,35.25,58000.0,6800.0,64800.0,1.6,24758.0,24758.0,15472.0,24758.0,0.6002,3.0,2021-09-01,2021-09,All,BEV+PHEV,24758.0,monthly_est,IEA_Global_EV_Outlook_2024,1.6
France,2021,10,58000.0,6800.0,64800.0,All,BEV+PHEV,24758.0,0.0,9.0,69.8,1.0,23.8,58000.0,6800.0,64800.0,1.72,24758.0,24758.0,15472.0,24758.0,0.6002,4.0,2021-10-01,2021-10,All,BEV+PHEV,24758.0,monthly_est,IEA_Global_EV_Outlook_2024,1.72
France,2021,11,58000.0,6800.0,64800.0,All,BEV+PHEV,24758.0,0.0,0.0,59.75,0.5,39.75,58000.0,6800.0,64800.0,1.72,24758.0,24758.0,15472.0,24758.0,0.6002,4.0,2021-11-01,2021-11,All,BEV+PHEV,24758.0,monthly_est,IEA_Global_EV_Outlook_2024,1.72
France,2021,12,58000.0,6800.0,64800.0,All,BEV+PHEV,24758.0,0.0,10.2,71.8,0.2,0.0,58000.0,6800.0,64800.0,1.72,24758.0,24758.0,15472.0,24758.0,0.6002,4.0,2021-12-01,2021-12,All,BEV+PHEV,24758.0,monthly_est,IEA_Global_EV_Outlook_2024,1.72
France,2022,1,80000.0,10000.0,90000.0,All,BEV+PHEV,30924.0,0.4,27.6,80.8,1.0,26.4,80000.0,10000.0,90000.0,1.88,24758.0,24758.0,24758.0,26813.33333333333,0.2491,1.0,2022-01-01,2022-01,All,BEV+PHEV,30924.0,monthly_est,IEA_Global_EV_Outlook_2024,1.88
France,2022,2,80000.0,10000.0,90000.0,All,BEV+PHEV,30924.0,0.0,31.25,76.0,1.0,49.5,80000.0,10000.0,90000.0,1.88,30924.0,24758.0,24758.0,28868.666666666668,0.2491,1.0,2022-02-01,2022-02,All,BEV+PHEV,30924.0,monthly_est,IEA_Global_EV_Outlook_2024,1.88
France,2022,3,80000.0,10000.0,90000.0,All,BEV+PHEV,30924.0,0.25,39.25,89.0,1.0,78.5,80000.0,10000.0,90000.0,1.88,30924.0,24758.0,24758.0,30924.0,0.2491,1.0,2022-03-01,2022-03,All,BEV+PHEV,30924.0,monthly_est,IEA_Global_EV_Outlook_2024,1.88
France,2022,4,80000.0,10000.0,90000.0,All,BEV+PHEV,30924.0,0.25,38.0,77.0,1.0,74.25,80000.0,10000.0,90000.0,2.15,30924.0,30924.0,24758.0,30924.0,0.2491,2.0,2022-04-01,2022-04,All,BEV+PHEV,30924.0,monthly_est,IEA_Global_EV_Outlook_2024,2.15
France,2022,5,80000.0,10000.0,90000.0,All,BEV+PHEV,30924.0,0.4,28.8,67.0,1.0,67.4,80000.0,10000.0,90000.0,2.15,30924.0,30924.0,24758.0,30924.0,0.2491,2.0,2022-05-01,2022-05,All,BEV+PHEV,30924.0,monthly_est,IEA_Global_EV_Outlook_2024,2.15
France,2022,6,80000.0,10000.0,90000.0,All,BEV+PHEV,30924.0,0.5,32.5,66.75,1.0,51.25,80000.0,10000.0,90000.0,2.15,30924.0,30924.0,24758.0,30924.0,0.2491,2.0,2022-06-01,2022-06,All,BEV+PHEV,30924.0,monthly_est,IEA_Global_EV_Outlook_2024,2.15
France,2022,7,80000.0,10000.0,90000.0,All,BEV+PHEV,30924.0,1.0,35.6,64.4,1.0,27.8,80000.0,10000.0,90000.0,2.0,30924.0,30924.0,24758.0,30924.0,0.2491,3.0,2022-07-01,2022-07,All,BEV+PHEV,30924.0,monthly_est,IEA_Global_EV_Outlook_2024,2.0
France,2022,8,80000.0,10000.0,90000.0,All,BEV+PHEV,30924.0,1.25,65.75,66.25,1.0,31.0,80000.0,10000.0,90000.0,2.0,30924.0,30924.0,24758.0,30924.0,0.2491,3.0,2022-08-01,2022-08,All,BEV+PHEV,30924.0,monthly_est,IEA_Global_EV_Outlook_2024,2.0
France,2022,9,80000.0,10000.0,90000.0,All,BEV+PHEV,30924.0,1.0,18.25,58.0,1.0,35.5,80000.0,10000.0,90000.0,2.0,30924.0,30924.0,24758.0,30924.0,0.2491,3.0,2022-09-01,2022-09,All,BEV+PHEV,30924.0,monthly_est,IEA_Global_EV_Outlook_2024,2.0
France,2022,10,80000.0,10000.0,90000.0,All,BEV+PHEV,30924.0,2.4,35.4,64.0,1.0,41.6,80000.0,10000.0,90000.0,1.85,30924.0,30924.0,24758.0,30924.0,0.2491,4.0,2022-10-01,2022-10,All,BEV+PHEV,30924.0,monthly_est,IEA_Global_EV_Outlook_2024,1.85
France,2022,11,80000.0,10000.0,90000.0,All,BEV+PHEV,30924.0,1.0,42.5,58.0,1.0,59.25,80000.0,10000.0,90000.0,1.85,30924.0,30924.0,24758.0,30924.0,0.2491,4.0,2022-11-01,2022-11,All,BEV+PHEV,30924.0,monthly_est,IEA_Global_EV_Outlook_2024,1.85
France,2022,12,80000.0,10000.0,90000.0,All,BEV+PHEV,30924.0,1.0,54.25,64.5,1.0,12.0,80000.0,10000.0,90000.0,1.85,30924.0,30924.0,24758.0,30924.0,0.2491,4.0,2022-12-01,2022-12,All,BEV+PHEV,30924.0,monthly_est,IEA_Global_EV_Outlook_2024,1.85
France,2023,1,115000.0,14000.0,129000.0,All,BEV+PHEV,39704.0,1.4,29.4,73.4,0.8,32.4,115000.0,14000.0,129000.0,1.78,30924.0,30924.0,30924.0,33850.666666666664,0.2839,1.0,2023-01-01,2023-01,All,BEV+PHEV,39704.0,monthly_est,IEA_Global_EV_Outlook_2024,1.78
France,2023,2,115000.0,14000.0,129000.0,All,BEV+PHEV,39704.0,1.5,35.0,67.25,1.0,39.75,115000.0,14000.0,129000.0,1.78,39704.0,30924.0,30924.0,36777.333333333336,0.2839,1.0,2023-02-01,2023-02,All,BEV+PHEV,39704.0,monthly_est,IEA_Global_EV_Outlook_2024,1.78
France,2023,3,115000.0,14000.0,129000.0,All,BEV+PHEV,39704.0,1.25,36.25,69.25,1.0,33.0,115000.0,14000.0,129000.0,1.78,39704.0,30924.0,30924.0,39704.0,0.2839,1.0,2023-03-01,2023-03,All,BEV+PHEV,39704.0,monthly_est,IEA_Global_EV_Outlook_2024,1.78
France,2023,4,115000.0,14000.0,129000.0,All,BEV+PHEV,39704.0,2.2,39.4,75.2,1.0,62.4,115000.0,14000.0,129000.0,1.82,39704.0,39704.0,30924.0,39704.0,0.2839,2.0,2023-04-01,2023-04,All,BEV+PHEV,39704.0,monthly_est,IEA_Global_EV_Outlook_2024,1.82
France,2023,5,115000.0,14000.0,129000.0,All,BEV+PHEV,39704.0,3.25,64.5,74.25,1.0,48.5,115000.0,14000.0,129000.0,1.82,39704.0,39704.0,30924.0,39704.0,0.2839,2.0,2023-05-01,2023-05,All,BEV+PHEV,39704.0,monthly_est,IEA_Global_EV_Outlook_2024,1.82
France,2023,6,115000.0,14000.0,129000.0,All,BEV+PHEV,39704.0,3.0,65.0,79.0,1.0,61.5,115000.0,14000.0,129000.0,1.82,39704.0,39704.0,30924.0,39704.0,0.2839,2.0,2023-06-01,2023-06,All,BEV+PHEV,39704.0,monthly_est,IEA_Global_EV_Outlook_2024,1.82
France,2023,7,115000.0,14000.0,129000.0,All,BEV+PHEV,39704.0,2.0,58.2,79.0,1.0,57.4,115000.0,14000.0,129000.0,1.85,39704.0,39704.0,30924.0,39704.0,0.2839,3.0,2023-07-01,2023-07,All,BEV+PHEV,39704.0,monthly_est,IEA_Global_EV_Outlook_2024,1.85
France,2023,8,115000.0,14000.0,129000.0,All,BEV+PHEV,39704.0,2.75,80.25,84.75,1.0,39.25,115000.0,14000.0,129000.0,1.85,39704.0,39704.0,30924.0,39704.0,0.2839,3.0,2023-08-01,2023-08,All,BEV+PHEV,39704.0,monthly_est,IEA_Global_EV_Outlook_2024,1.85
France,2023,9,115000.0,14000.0,129000.0,All,BEV+PHEV,39704.0,5.0,44.0,82.25,1.0,55.25,115000.0,14000.0,129000.0,1.85,39704.0,39704.0,30924.0,39704.0,0.2839,3.0,2023-09-01,2023-09,All,BEV+PHEV,39704.0,monthly_est,IEA_Global_EV_Outlook_2024,1.85
France,2023,10,115000.0,14000.0,129000.0,All,BEV+PHEV,39704.0,4.0,65.0,78.8,1.0,62.2,115000.0,14000.0,129000.0,1.72,39704.0,39704.0,30924.0,39704.0,0.2839,4.0,2023-10-01,2023-10,All,BEV+PHEV,39704.0,monthly_est,IEA_Global_EV_Outlook_2024,1.72
France,2023,11,115000.0,14000.0,129000.0,All,BEV+PHEV,39704.0,4.5,51.75,76.0,1.0,70.5,115000.0,14000.0,129000.0,1.72,39704.0,39704.0,30924.0,39704.0,0.2839,4.0,2023-11-01,2023-11,All,BEV+PHEV,39704.0,monthly_est,IEA_Global_EV_Outlook_2024,1.72
France,2023,12,115000.0,14000.0,129000.0,All,BEV+PHEV,39704.0,7.67,45.5,83.5,1.0,43.33,115000.0,14000.0,129000.0,1.72,39704.0,39704.0,30924.0,39704.0,0.2839,4.0,2023-12-01,2023-12,All,BEV+PHEV,39704.0,monthly_est,IEA_Global_EV_Outlook_2024,1.72
Netherlands,2020,1,71000.0,5200.0,76200.0,All,BEV+PHEV,6105.0,0.25,52.75,66.25,1.75,34.75,71000.0,5200.0,76200.0,1.55,7266.0,7266.0,7266.0,6879.0,-0.1598,1.0,2020-01-01,2020-01,All,BEV+PHEV,6105.0,monthly_est,IEA_Global_EV_Outlook_2024,1.55
Netherlands,2020,2,71000.0,5200.0,76200.0,All,BEV+PHEV,6105.0,0.0,16.0,72.25,1.25,16.75,71000.0,5200.0,76200.0,1.55,6105.0,7266.0,7266.0,6492.0,-0.1598,1.0,2020-02-01,2020-02,All,BEV+PHEV,6105.0,monthly_est,IEA_Global_EV_Outlook_2024,1.55
Netherlands,2020,3,71000.0,5200.0,76200.0,All,BEV+PHEV,6105.0,0.4,0.0,43.8,1.2,13.2,71000.0,5200.0,76200.0,1.55,6105.0,7266.0,7266.0,6105.0,-0.1598,1.0,2020-03-01,2020-03,All,BEV+PHEV,6105.0,monthly_est,IEA_Global_EV_Outlook_2024,1.55
Netherlands,2020,4,71000.0,5200.0,76200.0,All,BEV+PHEV,6105.0,0.0,15.75,38.25,0.75,0.0,71000.0,5200.0,76200.0,1.42,6105.0,6105.0,7266.0,6105.0,-0.1598,2.0,2020-04-01,2020-04,All,BEV+PHEV,6105.0,monthly_est,IEA_Global_EV_Outlook_2024,1.42
Netherlands,2020,5,71000.0,5200.0,76200.0,All,BEV+PHEV,6105.0,0.4,11.4,41.6,1.0,0.0,71000.0,5200.0,76200.0,1.42,6105.0,6105.0,7266.0,6105.0,-0.1598,2.0,2020-05-01,2020-05,All,BEV+PHEV,6105.0,monthly_est,IEA_Global_EV_Outlook_2024,1.42
Netherlands,2020,6,71000.0,5200.0,76200.0,All,BEV+PHEV,6105.0,0.0,14.75,45.5,1.25,37.25,71000.0,5200.0,76200.0,1.42,6105.0,6105.0,7266.0,6105.0,-0.1598,2.0,2020-06-01,2020-06,All,BEV+PHEV,6105.0,monthly_est,IEA_Global_EV_Outlook_2024,1.42
Netherlands,2020,7,71000.0,5200.0,76200.0,All,BEV+PHEV,6105.0,0.25,17.0,64.25,1.0,25.0,71000.0,5200.0,76200.0,1.5,6105.0,6105.0,7266.0,6105.0,-0.1598,3.0,2020-07-01,2020-07,All,BEV+PHEV,6105.0,monthly_est,IEA_Global_EV_Outlook_2024,1.5
Netherlands,2020,8,71000.0,5200.0,76200.0,All,BEV+PHEV,6105.0,0.0,12.0,62.2,1.0,14.0,71000.0,5200.0,76200.0,1.5,6105.0,6105.0,7266.0,6105.0,-0.1598,3.0,2020-08-01,2020-08,All,BEV+PHEV,6105.0,monthly_est,IEA_Global_EV_Outlook_2024,1.5
Netherlands,2020,9,71000.0,5200.0,76200.0,All,BEV+PHEV,6105.0,1.0,51.75,72.5,1.25,24.0,71000.0,5200.0,76200.0,1.5,6105.0,6105.0,7266.0,6105.0,-0.1598,3.0,2020-09-01,2020-09,All,BEV+PHEV,6105.0,monthly_est,IEA_Global_EV_Outlook_2024,1.5
Netherlands,2020,10,71000.0,5200.0,76200.0,All,BEV+PHEV,6105.0,0.5,0.0,50.0,1.0,0.0,71000.0,5200.0,76200.0,1.52,6105.0,6105.0,7266.0,6105.0,-0.1598,4.0,2020-10-01,2020-10,All,BEV+PHEV,6105.0,monthly_est,IEA_Global_EV_Outlook_2024,1.52
Netherlands,2020,11,71000.0,5200.0,76200.0,All,BEV+PHEV,6105.0,1.2,15.8,49.0,1.0,14.2,71000.0,5200.0,76200.0,1.52,6105.0,6105.0,7266.0,6105.0,-0.1598,4.0,2020-11-01,2020-11,All,BEV+PHEV,6105.0,monthly_est,IEA_Global_EV_Outlook_2024,1.52
Netherlands,2020,12,71000.0,5200.0,76200.0,All,BEV+PHEV,6105.0,1.0,0.0,59.6,1.4,0.0,71000.0,5200.0,76200.0,1.52,6105.0,6105.0,7266.0,6105.0,-0.1598,4.0,2020-12-01,2020-12,All,BEV+PHEV,6105.0,monthly_est,IEA_Global_EV_Outlook_2024,1.52
Netherlands,2021,1,95000.0,7400.0,102400.0,All,BEV+PHEV,9928.0,1.2,30.0,86.2,2.0,18.2,95000.0,7400.0,102400.0,1.58,6105.0,6105.0,6105.0,7379.333333333333,0.6262,1.0,2021-01-01,2021-01,All,BEV+PHEV,9928.0,monthly_est,IEA_Global_EV_Outlook_2024,1.58
Netherlands,2021,2,95000.0,7400.0,102400.0,All,BEV+PHEV,9928.0,1.5,29.75,83.25,2.0,42.0,95000.0,7400.0,102400.0,1.58,9928.0,6105.0,6105.0,8653.666666666666,0.6262,1.0,2021-02-01,2021-02,All,BEV+PHEV,9928.0,monthly_est,IEA_Global_EV_Outlook_2024,1.58
Netherlands,2021,3,95000.0,7400.0,102400.0,All,BEV+PHEV,9928.0,1.0,12.75,75.25,2.0,28.0,95000.0,7400.0,102400.0,1.58,9928.0,6105.0,6105.0,9928.0,0.6262,1.0,2021-03-01,2021-03,All,BEV+PHEV,9928.0,monthly_est,IEA_Global_EV_Outlook_2024,1.58
Netherlands,2021,4,95000.0,7400.0,102400.0,All,BEV+PHEV,9928.0,1.0,0.0,68.25,2.0,29.5,95000.0,7400.0,102400.0,1.68,9928.0,9928.0,6105.0,9928.0,0.6262,2.0,2021-04-01,2021-04,All,BEV+PHEV,9928.0,monthly_est,IEA_Global_EV_Outlook_2024,1.68
Netherlands,2021,5,95000.0,7400.0,102400.0,All,BEV+PHEV,9928.0,1.0,9.4,69.2,2.0,10.0,95000.0,7400.0,102400.0,1.68,9928.0,9928.0,6105.0,9928.0,0.6262,2.0,2021-05-01,2021-05,All,BEV+PHEV,9928.0,monthly_est,IEA_Global_EV_Outlook_2024,1.68
Netherlands,2021,6,95000.0,7400.0,102400.0,All,BEV+PHEV,9928.0,1.0,17.25,59.75,2.0,0.0,95000.0,7400.0,102400.0,1.68,9928.0,9928.0,6105.0,9928.0,0.6262,2.0,2021-06-01,2021-06,All,BEV+PHEV,9928.0,monthly_est,IEA_Global_EV_Outlook_2024,1.68
Netherlands,2021,7,95000.0,7400.0,102400.0,All,BEV+PHEV,9928.0,1.0,55.75,62.75,2.0,0.0,95000.0,7400.0,102400.0,1.78,9928.0,9928.0,6105.0,9928.0,0.6262,3.0,2021-07-01,2021-07,All,BEV+PHEV,9928.0,monthly_est,IEA_Global_EV_Outlook_2024,1.78
Netherlands,2021,8,95000.0,7400.0,102400.0,All,BEV+PHEV,9928.0,1.0,0.0,62.4,1.8,11.4,95000.0,7400.0,102400.0,1.78,9928.0,9928.0,6105.0,9928.0,0.6262,3.0,2021-08-01,2021-08,All,BEV+PHEV,9928.0,monthly_est,IEA_Global_EV_Outlook_2024,1.78
Netherlands,2021,9,95000.0,7400.0,102400.0,All,BEV+PHEV,9928.0,1.0,14.5,60.75,2.25,28.5,95000.0,7400.0,102400.0,1.78,9928.0,9928.0,6105.0,9928.0,0.6262,3.0,2021-09-01,2021-09,All,BEV+PHEV,9928.0,monthly_est,IEA_Global_EV_Outlook_2024,1.78
Netherlands,2021,10,95000.0,7400.0,102400.0,All,BEV+PHEV,9928.0,1.0,38.2,71.8,2.2,26.0,95000.0,7400.0,102400.0,1.92,9928.0,9928.0,6105.0,9928.0,0.6262,4.0,2021-10-01,2021-10,All,BEV+PHEV,9928.0,monthly_est,IEA_Global_EV_Outlook_2024,1.92
Netherlands,2021,11,95000.0,7400.0,102400.0,All,BEV+PHEV,9928.0,1.0,27.5,70.0,2.0,13.75,95000.0,7400.0,102400.0,1.92,9928.0,9928.0,6105.0,9928.0,0.6262,4.0,2021-11-01,2021-11,All,BEV+PHEV,9928.0,monthly_est,IEA_Global_EV_Outlook_2024,1.92
Netherlands,2021,12,95000.0,7400.0,102400.0,All,BEV+PHEV,9928.0,1.0,34.2,69.2,2.0,0.0,95000.0,7400.0,102400.0,1.92,9928.0,9928.0,6105.0,9928.0,0.6262,4.0,2021-12-01,2021-12,All,BEV+PHEV,9928.0,monthly_est,IEA_Global_EV_Outlook_2024,1.92
Netherlands,2022,1,120000.0,10200.0,130200.0,All,BEV+PHEV,5928.0,1.2,38.6,75.8,2.8,13.8,120000.0,10200.0,130200.0,2.1,9928.0,9928.0,9928.0,8594.666666666666,-0.4029,1.0,2022-01-01,2022-01,All,BEV+PHEV,5928.0,monthly_est,IEA_Global_EV_Outlook_2024,2.1
Netherlands,2022,2,120000.0,10200.0,130200.0,All,BEV+PHEV,5928.0,1.0,41.5,64.75,3.0,35.75,120000.0,10200.0,130200.0,2.1,5928.0,9928.0,9928.0,7261.333333333333,-0.4029,1.0,2022-02-01,2022-02,All,BEV+PHEV,5928.0,monthly_est,IEA_Global_EV_Outlook_2024,2.1
Netherlands,2022,3,120000.0,10200.0,130200.0,All,BEV+PHEV,5928.0,1.0,42.75,67.5,3.5,32.0,120000.0,10200.0,130200.0,2.1,5928.0,9928.0,9928.0,5928.0,-0.4029,1.0,2022-03-01,2022-03,All,BEV+PHEV,5928.0,monthly_est,IEA_Global_EV_Outlook_2024,2.1
Netherlands,2022,4,120000.0,10200.0,130200.0,All,BEV+PHEV,5928.0,1.0,46.25,69.75,3.0,22.0,120000.0,10200.0,130200.0,2.38,5928.0,5928.0,9928.0,5928.0,-0.4029,2.0,2022-04-01,2022-04,All,BEV+PHEV,5928.0,monthly_est,IEA_Global_EV_Outlook_2024,2.38
Netherlands,2022,5,120000.0,10200.0,130200.0,All,BEV+PHEV,5928.0,1.0,43.8,68.0,2.8,27.6,120000.0,10200.0,130200.0,2.38,5928.0,5928.0,9928.0,5928.0,-0.4029,2.0,2022-05-01,2022-05,All,BEV+PHEV,5928.0,monthly_est,IEA_Global_EV_Outlook_2024,2.38
Netherlands,2022,6,120000.0,10200.0,130200.0,All,BEV+PHEV,5928.0,1.0,41.5,67.0,3.0,26.75,120000.0,10200.0,130200.0,2.38,5928.0,5928.0,9928.0,5928.0,-0.4029,2.0,2022-06-01,2022-06,All,BEV+PHEV,5928.0,monthly_est,IEA_Global_EV_Outlook_2024,2.38
Netherlands,2022,7,120000.0,10200.0,130200.0,All,BEV+PHEV,5928.0,2.6,49.2,65.0,3.0,15.4,120000.0,10200.0,130200.0,2.25,5928.0,5928.0,9928.0,5928.0,-0.4029,3.0,2022-07-01,2022-07,All,BEV+PHEV,5928.0,monthly_est,IEA_Global_EV_Outlook_2024,2.25
Netherlands,2022,8,120000.0,10200.0,130200.0,All,BEV+PHEV,5928.0,2.75,50.0,68.5,3.0,16.0,120000.0,10200.0,130200.0,2.25,5928.0,5928.0,9928.0,5928.0,-0.4029,3.0,2022-08-01,2022-08,All,BEV+PHEV,5928.0,monthly_est,IEA_Global_EV_Outlook_2024,2.25
Netherlands,2022,9,120000.0,10200.0,130200.0,All,BEV+PHEV,5928.0,2.25,47.25,60.5,2.5,7.75,120000.0,10200.0,130200.0,2.25,5928.0,5928.0,9928.0,5928.0,-0.4029,3.0,2022-09-01,2022-09,All,BEV+PHEV,5928.0,monthly_est,IEA_Global_EV_Outlook_2024,2.25
Netherlands,2022,10,120000.0,10200.0,130200.0,All,BEV+PHEV,5928.0,3.4,45.8,64.4,2.8,28.0,120000.0,10200.0,130200.0,2.08,5928.0,5928.0,9928.0,5928.0,-0.4029,4.0,2022-10-01,2022-10,All,BEV+PHEV,5928.0,monthly_est,IEA_Global_EV_Outlook_2024,2.08
Netherlands,2022,11,120000.0,10200.0,130200.0,All,BEV+PHEV,5928.0,3.0,45.25,63.5,2.5,19.0,120000.0,10200.0,130200.0,2.08,5928.0,5928.0,9928.0,5928.0,-0.4029,4.0,2022-11-01,2022-11,All,BEV+PHEV,5928.0,monthly_est,IEA_Global_EV_Outlook_2024,2.08
Netherlands,2022,12,120000.0,10200.0,130200.0,All,BEV+PHEV,5928.0,3.75,44.5,81.75,2.25,25.0,120000.0,10200.0,130200.0,2.08,5928.0,5928.0,9928.0,5928.0,-0.4029,4.0,2022-12-01,2022-12,All,BEV+PHEV,5928.0,monthly_est,IEA_Global_EV_Outlook_2024,2.08
Netherlands,2023,1,150000.0,13800.0,163800.0,All,BEV+PHEV,8824.0,16.4,61.2,97.0,3.0,15.2,150000.0,13800.0,163800.0,1.98,5928.0,5928.0,5928.0,6893.333333333333,0.4885,1.0,2023-01-01,2023-01,All,BEV+PHEV,8824.0,monthly_est,IEA_Global_EV_Outlook_2024,1.98
Netherlands,2023,2,150000.0,13800.0,163800.0,All,BEV+PHEV,8824.0,16.5,60.75,85.0,3.0,0.0,150000.0,13800.0,163800.0,1.98,8824.0,5928.0,5928.0,7858.666666666667,0.4885,1.0,2023-02-01,2023-02,All,BEV+PHEV,8824.0,monthly_est,IEA_Global_EV_Outlook_2024,1.98
Netherlands,2023,3,150000.0,13800.0,163800.0,All,BEV+PHEV,8824.0,4.25,58.25,74.5,2.5,29.0,150000.0,13800.0,163800.0,1.98,8824.0,5928.0,5928.0,8824.0,0.4885,1.0,2023-03-01,2023-03,All,BEV+PHEV,8824.0,monthly_est,IEA_Global_EV_Outlook_2024,1.98
Netherlands,2023,4,150000.0,13800.0,163800.0,All,BEV+PHEV,8824.0,7.8,65.8,79.4,2.8,35.6,150000.0,13800.0,163800.0,2.02,8824.0,8824.0,5928.0,8824.0,0.4885,2.0,2023-04-01,2023-04,All,BEV+PHEV,8824.0,monthly_est,IEA_Global_EV_Outlook_2024,2.02
Netherlands,2023,5,150000.0,13800.0,163800.0,All,BEV+PHEV,8824.0,6.75,69.5,73.75,2.75,0.0,150000.0,13800.0,163800.0,2.02,8824.0,8824.0,5928.0,8824.0,0.4885,2.0,2023-05-01,2023-05,All,BEV+PHEV,8824.0,monthly_est,IEA_Global_EV_Outlook_2024,2.02
Netherlands,2023,6,150000.0,13800.0,163800.0,All,BEV+PHEV,8824.0,9.5,58.0,75.5,2.75,19.0,150000.0,13800.0,163800.0,2.02,8824.0,8824.0,5928.0,8824.0,0.4885,2.0,2023-06-01,2023-06,All,BEV+PHEV,8824.0,monthly_est,IEA_Global_EV_Outlook_2024,2.02
Netherlands,2023,7,150000.0,13800.0,163800.0,All,BEV+PHEV,8824.0,5.8,68.0,84.4,3.0,19.6,150000.0,13800.0,163800.0,2.05,8824.0,8824.0,5928.0,8824.0,0.4885,3.0,2023-07-01,2023-07,All,BEV+PHEV,8824.0,monthly_est,IEA_Global_EV_Outlook_2024,2.05
Netherlands,2023,8,150000.0,13800.0,163800.0,All,BEV+PHEV,8824.0,6.5,69.0,81.25,3.0,12.25,150000.0,13800.0,163800.0,2.05,8824.0,8824.0,5928.0,8824.0,0.4885,3.0,2023-08-01,2023-08,All,BEV+PHEV,8824.0,monthly_est,IEA_Global_EV_Outlook_2024,2.05
Netherlands,2023,9,150000.0,13800.0,163800.0,All,BEV+PHEV,8824.0,12.75,72.5,83.25,3.25,9.5,150000.0,13800.0,163800.0,2.05,8824.0,8824.0,5928.0,8824.0,0.4885,3.0,2023-09-01,2023-09,All,BEV+PHEV,8824.0,monthly_est,IEA_Global_EV_Outlook_2024,2.05
Netherlands,2023,10,150000.0,13800.0,163800.0,All,BEV+PHEV,8824.0,11.6,76.4,79.8,3.0,53.4,150000.0,13800.0,163800.0,1.92,8824.0,8824.0,5928.0,8824.0,0.4885,4.0,2023-10-01,2023-10,All,BEV+PHEV,8824.0,monthly_est,IEA_Global_EV_Outlook_2024,1.92
Netherlands,2023,11,150000.0,13800.0,163800.0,All,BEV+PHEV,8824.0,6.25,52.25,80.0,3.0,27.0,150000.0,13800.0,163800.0,1.92,8824.0,8824.0,5928.0,8824.0,0.4885,4.0,2023-11-01,2023-11,All,BEV+PHEV,8824.0,monthly_est,IEA_Global_EV_Outlook_2024,1.92
Netherlands,2023,12,150000.0,13800.0,163800.0,All,BEV+PHEV,8824.0,12.83,57.5,82.0,3.17,8.0,150000.0,13800.0,163800.0,1.92,8824.0,8824.0,5928.0,8824.0,0.4885,4.0,2023-12-01,2023-12,All,BEV+PHEV,8824.0,monthly_est,IEA_Global_EV_Outlook_2024,1.92
